id_jugador,nombre,posicion,fecha_nacimiento,equipo,,,,,,,,,,,,,,,,,,,,,
J0001,Rafael Santos Borre,DEL,15-09-1995,River Plate,,,,,,,,,,,,,,,,,,,,,
J0002,Lucas Beltrán,DEL,29-03-2001,River Plate,,,,,,,,,,,,,,,,,,,,,
J0003,Agustin Ruberto,DEL,14-01-2006,River Plate,,,,,,,,,,,,,,,,,,,,,
J0004,Sebastian Driussi,DEL,09-02-1996,River Plate,,,,,,,,,,,,,,,,,,,,,
J0005,Thiago Almada,DEL,26-04-2001,River Plate,,,,,,,,,,,,,,,,,,,,,
J0006,Angel Correa,DEL,09-03-1995,River Plate,,,,,,,,,,,,,,,,,,,,,
J0007,Anibal Moreno,MED,13-05-1999,River Plate,,,,,,,,,,,,,,,,,,,,,
J0008,Fausto Vera,MED,26-03-2000,River Plate,,,,,,,,,,,,,,,,,,,,,
J0009,Mauro Arambarri,MED,30-09-1995,River Plate,,,,,,,,,,,,,,,,,,,,,
J0010,Tobias Andrada,MED,02-02-2007,River Plate,,,,,,,,,,,,,,,,,,,,,
J0011,Juan Cruz Meza,MED,14-03-2008,River Plate,,,,,,,,,,,,,,,,,,,,,
J0012,Tomas Galvan,MED,11-04-2000,River Plate,,,,,,,,,,,,,,,,,,,,,
J0013,Juan Carlos Portillo,MED,18-05-2000,River Plate,,,,,,,,,,,,,,,,,,,,,
J0014,Lucas Silva,MED,27-02-2007,River Plate,,,,,,,,,,,,,,,,,,,,,
J0015,Lautaro Pereyra,MED,28-03-2008,River Plate,,,,,,,,,,,,,,,,,,,,,
J0016,Nicolas Otamendi,DEF,12-02-1988,River Plate,,,,,,,,,,,,,,,,,,,,,
J0017,Gonzalo Montiel,DEF,01-01-1997,River Plate,,,,,,,,,,,,,,,,,,,,,
J0018,Marcos Acuña,DEF,28-10-1991,River Plate,,,,,,,,,,,,,,,,,,,,,
J0019,Lucas Martinez Quarta,DEF,10-05-1996,River Plate,,,,,,,,,,,,,,,,,,,,,
J0020,Lautaro Rivero,DEF,01-11-2003,River Plate,,,,,,,,,,,,,,,,,,,,,
J0021,Francisco Ortega,DEF,19-02-1999,River Plate,,,,,,,,,,,,,,,,,,,,,
J0022,Tobias Ramirez,DEF,11-11-2006,River Plate,,,,,,,,,,,,,,,,,,,,,
J0023,Giovanni Gonzalez,DEF,20-09-1994,River Plate,,,,,,,,,,,,,,,,,,,,,
J0024,Facundo Gonzalez,DEF,03-04-2006,River Plate,,,,,,,,,,,,,,,,,,,,,
J0025,Valentin Lucero,DEF,01-04-2006,River Plate,,,,,,,,,,,,,,,,,,,,,
J0026,Santiago Beltran,ARQ,04-10-2004,River Plate,,,,,,,,,,,,,,,,,,,,,
J0027,Ezequiel Centurion,ARQ,20-05-1997,River Plate,,,,,,,,,,,,,,,,,,,,,
J0028,Enner Valencia,DEL,04-11-1989,Boca Juniors,,,,,,,,,,,,,,,,,,,,,
J0029,Angel Romero,DEL,04-07-1992,Boca Juniors,,,,,,,,,,,,,,,,,,,,,
J0030,Miguel Merentiel,DEL,24-02-1996,Boca Juniors,,,,,,,,,,,,,,,,,,,,,
J0031,Adam Bareiro,DEL,26-07-1996,Boca Juniors,,,,,,,,,,,,,,,,,,,,,
J0032,Sebastian Villa,DEL,19-05-1996,Boca Juniors,,,,,,,,,,,,,,,,,,,,,
J0033,Leonel Flores,DEL,06-02-2007,Boca Juniors,,,,,,,,,,,,,,,,,,,,,
J0034,Milton Gimenez,DEL,12-08-1996,Boca Juniors,,,,,,,,,,,,,,,,,,,,,
J0035,Rodrigo Bacidalupe,DEL,22-07-2007,Boca Juniors,,,,,,,,,,,,,,,,,,,,,
J0036,Leandro Paredes,MED,29-06-1994,Boca Juniors,,,,,,,,,,,,,,,,,,,,,
J0037,Carlos Palacios,MED,20-07-2000,Boca Juniors,,,,,,,,,,,,,,,,,,,,,
J0038,Tomas Aranda,MED,09-05-2007,Boca Juniors,,,,,,,,,,,,,,,,,,,,,
J0039,Milton Delgado,MED,16-06-2005,Boca Juniors,,,,,,,,,,,,,,,,,,,,,
J0040,Santiago Ascacibar,MED,25-02-1997,Boca Juniors,,,,,,,,,,,,,,,,,,,,,
J0041,Alan Velasco,MED,27-07-2002,Boca Juniors,,,,,,,,,,,,,,,,,,,,,
J0042,Williams Alarcon,MED,29-11-2000,Boca Juniors,,,,,,,,,,,,,,,,,,,,,
J0043,Rodrigo Battaglia,MED,12-07-1991,Boca Juniors,,,,,,,,,,,,,,,,,,,,,
J0044,Camilo Rey Domenech,MED,10-03-2006,Boca Juniors,,,,,,,,,,,,,,,,,,,,,
J0045,Tomas Belmonte,MED,27-05-1993,Boca Juniors,,,,,,,,,,,,,,,,,,,,,
J0046,Juan Edgardo Ramirez,MED,25-05-1993,Boca Juniors,,,,,,,,,,,,,,,,,,,,,
J0047,Lautaro Bianco,MED,19-02-2007,Boca Juniors,,,,,,,,,,,,,,,,,,,,,
J0048,Lautaro Di Lollo,DEF,10-03-2004,Boca Juniors,,,,,,,,,,,,,,,,,,,,,
J0049,Lautaro Blanco,DEF,19-02-1999,Boca Juniors,,,,,,,,,,,,,,,,,,,,,
J0050,Marco Pellegrino,DEF,18-07-2002,Boca Juniors,,,,,,,,,,,,,,,,,,,,,
J0051,Dylan Gorosito,DEF,03-02-2006,Boca Juniors,,,,,,,,,,,,,,,,,,,,,
J0052,Ayrton Costa,DEF,13-07-1999,Boca Juniors,,,,,,,,,,,,,,,,,,,,,
J0053,Leandro Lozano,DEF,19-12-1998,Boca Juniors,,,,,,,,,,,,,,,,,,,,,
J0054,Facundo Herrera,DEF,11-07-2006,Boca Juniors,,,,,,,,,,,,,,,,,,,,,
J0055,Nicolas Figal,DEF,03-04-1994,Boca Juniors,,,,,,,,,,,,,,,,,,,,,
J0056,Malcom Braida,DEF,17-05-1997,Boca Juniors,,,,,,,,,,,,,,,,,,,,,
J0057,Matias Satas,DEF,28-02-2008,Boca Juniors,,,,,,,,,,,,,,,,,,,,,
J0058,Agustin Heredia,DEF,16-06-1997,Boca Juniors,,,,,,,,,,,,,,,,,,,,,
J0059,Alvaro Montero,ARQ,29-03-1995,Boca Juniors,,,,,,,,,,,,,,,,,,,,,
J0060,Agustin Marchesin,ARQ,16-03-1988,Boca Juniors,,,,,,,,,,,,,,,,,,,,,
J0061,Leandro Brey,ARQ,22-09-2002,Boca Juniors,,,,,,,,,,,,,,,,,,,,,
J0062,Javier Garcia,ARQ,29-01-1987,Boca Juniors,,,,,,,,,,,,,,,,,,,,,
J0063,Enzo Copetti,DEL,16-01-1996,Rosario Central,,,,,,,,,,,,,,,,,,,,,
J0064,Tomas Badaloni,DEL,02-05-2000,Rosario Central,,,,,,,,,,,,,,,,,,,,,
J0065,Giovanni Cantizano,DEL,21-03-2007,Rosario Central,,,,,,,,,,,,,,,,,,,,,
J0066,Marco Ruben,DEL,26-10-1986,Rosario Central,,,,,,,,,,,,,,,,,,,,,
J0067,Gaspar Duarte,DEL,05-01-2003,Rosario Central,,,,,,,,,,,,,,,,,,,,,
J0068,Angel Di Maria,DEL,14-02-1988,Rosario Central,,,,,,,,,,,,,,,,,,,,,
J0069,Vicente Pizarro,MED,05-11-2002,Rosario Central,,,,,,,,,,,,,,,,,,,,,
J0070,Jaminton Campaz,DEL,24-05-2000,Rosario Central,,,,,,,,,,,,,,,,,,,,,
J0071,Franco Cervi,MED,26-05-1994,Rosario Central,,,,,,,,,,,,,,,,,,,,,
J0072,Franco Ibarra,MED,28-04-2001,Rosario Central,,,,,,,,,,,,,,,,,,,,,
J0073,Alan Rodriguez,MED,25-01-2000,Rosario Central,,,,,,,,,,,,,,,,,,,,,
J0074,Julian Fernandez,MED,30-01-2004,Rosario Central,,,,,,,,,,,,,,,,,,,,,
J0075,Pol Fernandez,MED,10-11-1991,Rosario Central,,,,,,,,,,,,,,,,,,,,,
J0076,Federico Navarro,MED,09-03-2000,Rosario Central,,,,,,,,,,,,,,,,,,,,,
J0077,Santiago Segovia,MED,26-03-2007,Rosario Central,,,,,,,,,,,,,,,,,,,,,
J0078,Gaston Avila,DEF,30-09-2001,Rosario Central,,,,,,,,,,,,,,,,,,,,,
J0079,Juan Valentin Gimenez,DEF,27-04-2006,Rosario Central,,,,,,,,,,,,,,,,,,,,,
J0080,Ignacio Ovando,DEF,29-06-2007,Rosario Central,,,,,,,,,,,,,,,,,,,,,
J0081,Agustin Sandez,DEF,16-01-2001,Rosario Central,,,,,,,,,,,,,,,,,,,,,
J0082,Facundo Mallo,DEF,16-01-1995,Rosario Central,,,,,,,,,,,,,,,,,,,,,
J0083,Emanuel Coronel,DEF,01-12-1997,Rosario Central,,,,,,,,,,,,,,,,,,,,,
J0084,Juan Cruz Komar,DEF,13-08-1996,Rosario Central,,,,,,,,,,,,,,,,,,,,,
J0085,Alexis Soto,DEF,20-10-1993,Rosario Central,,,,,,,,,,,,,,,,,,,,,
J0086,Ulises Ciccioli,DEF,02-07-2003,Rosario Central,,,,,,,,,,,,,,,,,,,,,
J0087,Luca Raffin,DEF,13-01-2006,Rosario Central,,,,,,,,,,,,,,,,,,,,,
J0088,Sebastian Zaracho,DEF,20-01-1999,Rosario Central,,,,,,,,,,,,,,,,,,,,,
J0089,Eias Veron,DEF,07-03-2007,Rosario Central,,,,,,,,,,,,,,,,,,,,,
J0090,Valentino Felici,DEF,08-02-2008,Rosario Central,,,,,,,,,,,,,,,,,,,,,
J0091,Jeremias Ledesma,ARQ,13-02-1993,Rosario Central,,,,,,,,,,,,,,,,,,,,,
J0092,Axel Werner,ARQ,28-02-1996,Rosario Central,,,,,,,,,,,,,,,,,,,,,
J0093,Damian Fernandez,ARQ,28-04-2003,Rosario Central,,,,,,,,,,,,,,,,,,,,,
J0094,Tomas Molina,DEL,12-04-1995,Argentinos Juniors,,,,,,,,,,,,,,,,,,,,,
J0095,Gaston Veron,DEL,23-04-2001,Argentinos Juniors,,,,,,,,,,,,,,,,,,,,,
J0096,Ryoga Kida,DEL,15-07-2005,Argentinos Juniors,,,,,,,,,,,,,,,,,,,,,
J0097,Facundo Jainikoski,DEL,15-03-2008,Argentinos Juniors,,,,,,,,,,,,,,,,,,,,,
J0098,Matias Gimenez Rojas,DEL,06-03-1999,Argentinos Juniors,,,,,,,,,,,,,,,,,,,,,
J0099,Alan Alcaraz,DEL,11-07-2009,Argentinos Juniors,,,,,,,,,,,,,,,,,,,,,
J0100,Diego Porcel,DEL,21-01-2005,Argentinos Juniors,,,,,,,,,,,,,,,,,,,,,
J0101,Gino Infantino,MED,19-05-2003,Argentinos Juniors,,,,,,,,,,,,,,,,,,,,,
J0102,Hernan Lopez Muñoz,DEL,07-09-2000,Argentinos Juniors,,,,,,,,,,,,,,,,,,,,,
J0103,Federico Mancuello,MED,26-03-1989,Argentinos Juniors,,,,,,,,,,,,,,,,,,,,,
J0104,Gabriel Florentin,MED,13-03-1999,Argentinos Juniors,,,,,,,,,,,,,,,,,,,,,
J0105,Kevin Gutierrez,MED,03-06-1997,Argentinos Juniors,,,,,,,,,,,,,,,,,,,,,
J0106,Nicolas Oroz,MED,01-04-1994,Argentinos Juniors,,,,,,,,,,,,,,,,,,,,,
J0107,Joaquin Gho,DEL,14-05-2003,Argentinos Juniors,,,,,,,,,,,,,,,,,,,,,
J0108,Gaston Bouhier,MED,06-11-2008,Argentinos Juniors,,,,,,,,,,,,,,,,,,,,,
J0109,Emiliano Viveros,DEL,30-09-2002,Argentinos Juniors,,,,,,,,,,,,,,,,,,,,,
J0110,Facundo Carrizo,MED,31-05-2007,Argentinos Juniors,,,,,,,,,,,,,,,,,,,,,
J0111,Luciano Sanchez,DEF,25-01-1994,Argentinos Juniors,,,,,,,,,,,,,,,,,,,,,
J0112,Francisco Alvarez,DEF,26-02-2000,Argentinos Juniors,,,,,,,,,,,,,,,,,,,,,
J0113,Alan Nuñez,DEF,01-10-2004,Argentinos Juniors,,,,,,,,,,,,,,,,,,,,,
J0114,Claudio Bravo,DEF,13-03-1997,Argentinos Juniors,,,,,,,,,,,,,,,,,,,,,
J0115,Mateo Mendoza,DEF,21-11-2004,Argentinos Juniors,,,,,,,,,,,,,,,,,,,,,
J0116,Santiago Silveira,DEF,24-04-2008,Argentinos Juniors,,,,,,,,,,,,,,,,,,,,,
J0117,Franco Paredes,DEF,18-03-1999,Argentinos Juniors,,,,,,,,,,,,,,,,,,,,,
J0118,Kevin Coronel,DEF,11-08-2004,Argentinos Juniors,,,,,,,,,,,,,,,,,,,,,
J0119,Franco Vazquez,DEF,02-01-2005,Argentinos Juniors,,,,,,,,,,,,,,,,,,,,,
J0120,Erik Godoy,DEF,16-08-1993,Argentinos Juniors,,,,,,,,,,,,,,,,,,,,,
J0121,Sebastian Prieto,DEF,09-04-1993,Argentinos Juniors,,,,,,,,,,,,,,,,,,,,,
J0122,Santiago Gianini,DEF,24-09-2008,Argentinos Juniors,,,,,,,,,,,,,,,,,,,,,
J0123,Brayan Cortes,ARQ,11-03-1995,Argentinos Juniors,,,,,,,,,,,,,,,,,,,,,
J0124,Gonzalo Siri,ARQ,27-08-2003,Argentinos Juniors,,,,,,,,,,,,,,,,,,,,,
J0125,Agustin Mangiaut,ARQ,24-05-2004,Argentinos Juniors,,,,,,,,,,,,,,,,,,,,,
J0126,Alex Luna,DEL,31-03-2004,Instituto,,,,,,,,,,,,,,,,,,,,,
J0127,Nicolas Guerra,DEL,09-01-1999,Instituto,,,,,,,,,,,,,,,,,,,,,
J0128,Jhon Cordoba,DEL,15-07-2000,Instituto,,,,,,,,,,,,,,,,,,,,,
J0129,Matias Tissera,DEL,06-09-1996,Instituto,,,,,,,,,,,,,,,,,,,,,
J0130,Matias Fonseca,DEL,12-03-2001,Instituto,,,,,,,,,,,,,,,,,,,,,
J0131,Facundo Suarez,DEL,01-07-1994,Instituto,,,,,,,,,,,,,,,,,,,,,
J0132,Luca Rafaelli,DEL,21-08-2008,Instituto,,,,,,,,,,,,,,,,,,,,,
J0133,Lorenzo Albarracin,DEL,17-02-2007,Instituto,,,,,,,,,,,,,,,,,,,,,
J0134,Wilder Viera,MED,04-03-2002,Instituto,,,,,,,,,,,,,,,,,,,,,
J0135,Matias Gallardo,DEL,24-11-2003,Instituto,,,,,,,,,,,,,,,,,,,,,
J0136,Lucas Sanseviero,DEL,05-08-2000,Instituto,,,,,,,,,,,,,,,,,,,,,
J0137,Giuliano Cerato,DEL,20-06-1998,Instituto,,,,,,,,,,,,,,,,,,,,,
J0138,Franco Moyano,MED,13-09-1997,Instituto,,,,,,,,,,,,,,,,,,,,,
J0139,Jeremias Lazaro,MED,28-06-2004,Instituto,,,,,,,,,,,,,,,,,,,,,
J0140,Juan Ignacio Mendez,MED,28-04-1997,Instituto,,,,,,,,,,,,,,,,,,,,,
J0141,Diego Sosa,MED,28-07-1997,Instituto,,,,,,,,,,,,,,,,,,,,,
J0142,Jonas Acevedo,MED,06-02-1997,Instituto,,,,,,,,,,,,,,,,,,,,,
J0143,Gustavo Abregu,MED,04-07-1997,Instituto,,,,,,,,,,,,,,,,,,,,,
J0144,Joaquin Medina,MED,23-03-2005,Instituto,,,,,,,,,,,,,,,,,,,,,
J0145,Augusto Coronel,MED,08-07-2008,Instituto,,,,,,,,,,,,,,,,,,,,,
J0146,Hernan De La Fuente,DEF,07-01-1997,Instituto,,,,,,,,,,,,,,,,,,,,,
J0147,Leonel Mosevich,DEF,04-02-1997,Instituto,,,,,,,,,,,,,,,,,,,,,
J0148,Fernando Alarcon,DEF,16-06-1994,Instituto,,,,,,,,,,,,,,,,,,,,,
J0149,Jonathan Galvan,DEF,25-06-1992,Instituto,,,,,,,,,,,,,,,,,,,,,
J0150,Agustin Massacceci,DEF,17-09-2002,Instituto,,,,,,,,,,,,,,,,,,,,,
J0151,Juan Andres Meli,DEF,01-09-2000,Instituto,,,,,,,,,,,,,,,,,,,,,
J0152,Agustin Bravo,DEF,11-05-2001,Instituto,,,,,,,,,,,,,,,,,,,,,
J0153,Marcos Ledesma,ARQ,15-09-1996,Instituto,,,,,,,,,,,,,,,,,,,,,
J0154,Emanuel Sittaro,ARQ,15-10-1999,Instituto,,,,,,,,,,,,,,,,,,,,,
J0155,Alex Arce,DEL,16-06-1995,Independiente Rivadavia,,,,,,,,,,,,,,,,,,,,,
J0156,Maximiliano Salas,DEL,01-12-1997,Independiente Rivadavia,,,,,,,,,,,,,,,,,,,,,
J0157,Rodrigo Atencio,MED,30-06-2002,Independiente Rivadavia,,,,,,,,,,,,,,,,,,,,,
J0158,Fabrizio Sartori,DEL,15-07-2002,Independiente Rivadavia,,,,,,,,,,,,,,,,,,,,,
J0159,Victorio Ramis,DEL,07-07-1994,Independiente Rivadavia,,,,,,,,,,,,,,,,,,,,,
J0160,Luciano Sabato,DEL,26-05-2008,Independiente Rivadavia,,,,,,,,,,,,,,,,,,,,,
J0161,Jose Florentin,MED,05-07-1996,Independiente Rivadavia,,,,,,,,,,,,,,,,,,,,,
J0162,Matias Fernandez,MED,23-06-2001,Independiente Rivadavia,,,,,,,,,,,,,,,,,,,,,
J0163,Luis Sequeira,MED,08-01-2003,Independiente Rivadavia,,,,,,,,,,,,,,,,,,,,,
J0164,Gonzalo Rios,MED,27-01-1999,Independiente Rivadavia,,,,,,,,,,,,,,,,,,,,,
J0165,Leonel Bucca,MED,19-03-1999,Independiente Rivadavia,,,,,,,,,,,,,,,,,,,,,
J0166,Alessandro Riep,MED,03-07-2003,Independiente Rivadavia,,,,,,,,,,,,,,,,,,,,,
J0167,Tomas Bottari,MED,26-04-2001,Independiente Rivadavia,,,,,,,,,,,,,,,,,,,,,
J0168,Kevin Vazquez,MED,19-03-2001,Independiente Rivadavia,,,,,,,,,,,,,,,,,,,,,
J0169,Luis Angel Diaz,DEL,24-04-2004,Independiente Rivadavia,,,,,,,,,,,,,,,,,,,,,
J0170,Stefano Moreyra,MED,19-01-2001,Independiente Rivadavia,,,,,,,,,,,,,,,,,,,,,
J0171,Diego Crego,MED,19-01-1997,Independiente Rivadavia,,,,,,,,,,,,,,,,,,,,,
J0172,Sheyko Studer,DEF,12-11-2002,Independiente Rivadavia,,,,,,,,,,,,,,,,,,,,,
J0173,Alex Vigo,DEF,28-04-1999,Independiente Rivadavia,,,,,,,,,,,,,,,,,,,,,
J0174,Ivan Villalba,DEF,19-01-1995,Independiente Rivadavia,,,,,,,,,,,,,,,,,,,,,
J0175,Juan Manuel Elordi,DEF,21-08-1994,Independiente Rivadavia,,,,,,,,,,,,,,,,,,,,,
J0176,Leonard Costa,DEF,24-08-1998,Independiente Rivadavia,,,,,,,,,,,,,,,,,,,,,
J0177,Alejo Osella,DEF,30-09-2000,Independiente Rivadavia,,,,,,,,,,,,,,,,,,,,,
J0178,Luciano Gomez,DEF,22-03-1996,Independiente Rivadavia,,,,,,,,,,,,,,,,,,,,,
J0179,Ezequiel Bonifacio,DEF,09-05-1994,Independiente Rivadavia,,,,,,,,,,,,,,,,,,,,,
J0180,Santiago Cena,DEF,16-03-2005,Independiente Rivadavia,,,,,,,,,,,,,,,,,,,,,
J0181,Nicolas Bolcato,ARQ,06-05-2004,Independiente Rivadavia,,,,,,,,,,,,,,,,,,,,,
J0182,Ramiro Macagno,ARQ,17-03-1997,Independiente Rivadavia,,,,,,,,,,,,,,,,,,,,,
J0183,Emmanuel Gomez,ARQ,14-09-2001,Independiente Rivadavia,,,,,,,,,,,,,,,,,,,,,
J0184,Allan Wlk,DEL,01-03-2003,Lanus,,,,,,,,,,,,,,,,,,,,,
J0185,Yoshan Valois,DEL,04-10-2004,Lanus,,,,,,,,,,,,,,,,,,,,,
J0186,Lucas Besozzi,DEL,22-01-2003,Lanus,,,,,,,,,,,,,,,,,,,,,
J0187,Gonzalo Lobos,DEL,01-02-2007,Lanus,,,,,,,,,,,,,,,,,,,,,
J0188,Benjamin Acosta,DEL,08-02-2006,Lanus,,,,,,,,,,,,,,,,,,,,,
J0189,Jeremias Chavero,DEL,30-05-2006,Lanus,,,,,,,,,,,,,,,,,,,,,
J0190,Matias Sepulveda,MED,12-03-1999,Lanus,,,,,,,,,,,,,,,,,,,,,
J0191,Marcelino Moreno,DEL,25-06-1995,Lanus,,,,,,,,,,,,,,,,,,,,,
J0192,Eduardo Salvio,DEL,13-07-1990,Lanus,,,,,,,,,,,,,,,,,,,,,
J0193,Agustin Medina,MED,24-10-2006,Lanus,,,,,,,,,,,,,,,,,,,,,
J0194,Felipe Peña Biafore,MED,05-04-2001,Lanus,,,,,,,,,,,,,,,,,,,,,
J0195,Raul Loaiza,MED,08-06-1994,Lanus,,,,,,,,,,,,,,,,,,,,,
J0196,Ramiro Carrera,MED,24-10-1993,Lanus,,,,,,,,,,,,,,,,,,,,,
J0197,Agustin Cardozo,MED,30-05-1997,Lanus,,,,,,,,,,,,,,,,,,,,,
J0198,Thiago Laplace,MED,03-04-2006,Lanus,,,,,,,,,,,,,,,,,,,,,
J0199,Franco Watson,MED,01-01-2002,Lanus,,,,,,,,,,,,,,,,,,,,,
J0200,Facundo Sanchez,MED,07-08-2005,Lanus,,,,,,,,,,,,,,,,,,,,,
J0201,Jose Canale,DEF,20-07-1996,Lanus,,,,,,,,,,,,,,,,,,,,,
J0202,Rondaldo Dejesus,DEF,21-04-2001,Lanus,,,,,,,,,,,,,,,,,,,,,
J0203,Sasha Marcich,DEF,29-05-1998,Lanus,,,,,,,,,,,,,,,,,,,,,
J0204,Carlos Izquierdoz,DEF,03-11-1988,Lanus,,,,,,,,,,,,,,,,,,,,,
J0205,Octavio Ontivero,DEF,10-01-2006,Lanus,,,,,,,,,,,,,,,,,,,,,
J0206,Tomas Guidara,DEF,13-03-1996,Lanus,,,,,,,,,,,,,,,,,,,,,
J0207,Gonzalo Perez,DEF,04-01-2001,Lanus,,,,,,,,,,,,,,,,,,,,,
J0208,Nicolas Morgantini,DEF,11-09-1994,Lanus,,,,,,,,,,,,,,,,,,,,,
J0209,Luciano Romero,DEF,03-01-2006,Lanus,,,,,,,,,,,,,,,,,,,,,
J0210,Tomas Lopez,DEF,14-08-2007,Lanus,,,,,,,,,,,,,,,,,,,,,
J0211,Mateo Ramirez,DEF,11-05-2007,Lanus,,,,,,,,,,,,,,,,,,,,,
J0212,Nahuel Losada,DEF,17-04-1993,Lanus,,,,,,,,,,,,,,,,,,,,,
J0213,Franco Petroli,DEF,11-06-1998,Lanus,,,,,,,,,,,,,,,,,,,,,
J0214,Adrian Martinez,DEL,07-07-1992,Racing Club,,,,,,,,,,,,,,,,,,,,,
J0215,Lautaro Diaz,DEL,21-05-1998,Racing Club,,,,,,,,,,,,,,,,,,,,,
J0216,Duvan Vergara,DEL,09-09-1996,Racing Club,,,,,,,,,,,,,,,,,,,,,
J0217,Tomas Conechny,DEL,30-03-1998,Racing Club,,,,,,,,,,,,,,,,,,,,,
J0218,Elias Torres,DEL,27-03-2001,Racing Club,,,,,,,,,,,,,,,,,,,,,
J0219,Alberto Campo,DEL,14-09-2006,Racing Club,,,,,,,,,,,,,,,,,,,,,
J0220,Valentin Carboni,DEL,05-03-2005,Racing Club,,,,,,,,,,,,,,,,,,,,,
J0221,Matias Zaracho,MED,10-03-1998,Racing Club,,,,,,,,,,,,,,,,,,,,,
J0222,Matko Miljevic,MED,09-05-2001,Racing Club,,,,,,,,,,,,,,,,,,,,,
J0223,Leonel Perez,MED,09-08-2004,Racing Club,,,,,,,,,,,,,,,,,,,,,
J0224,Matias Kranevitter,MED,21-05-1993,Racing Club,,,,,,,,,,,,,,,,,,,,,
J0225,Ulises Ortegoza,MED,19-04-1997,Racing Club,,,,,,,,,,,,,,,,,,,,,
J0226,Gaston Lodico,MED,28-05-1998,Racing Club,,,,,,,,,,,,,,,,,,,,,
J0227,Adrian Fernandez,MED,20-05-2001,Racing Club,,,,,,,,,,,,,,,,,,,,,
J0228,Alejandro Tello,MED,08-02-2008,Racing Club,,,,,,,,,,,,,,,,,,,,,
J0229,Ignacio Rodriguez,MED,22-02-2002,Racing Club,,,,,,,,,,,,,,,,,,,,,
J0230,Alan Forneris,MED,28-01-2005,Racing Club,,,,,,,,,,,,,,,,,,,,,
J0231,Leandro Cordoba,MED,12-05-2005,Racing Club,,,,,,,,,,,,,,,,,,,,,
J0232,Gonzalo Leiva,MED,19-01-2007,Racing Club,,,,,,,,,,,,,,,,,,,,,
J0233,Marcos Rojo,DEF,20-03-1990,Racing Club,,,,,,,,,,,,,,,,,,,,,
J0234,Marco Di Cesare,DEF,30-01-2002,Racing Club,,,,,,,,,,,,,,,,,,,,,
J0235,Alfonso Espino,DEF,05-01-1992,Racing Club,,,,,,,,,,,,,,,,,,,,,
J0236,Juan Ignacio Barinaga,DEF,10-10-2000,Racing Club,,,,,,,,,,,,,,,,,,,,,
J0237,Matias Perez,DEF,04-03-1999,Racing Club,,,,,,,,,,,,,,,,,,,,,
J0238,Nazareno Colombo,DEF,20-03-1999,Racing Club,,,,,,,,,,,,,,,,,,,,,
J0239,Gonzalo Escudero,DEF,01-04-1997,Racing Club,,,,,,,,,,,,,,,,,,,,,
J0240,Mateo Martinez,DEF,27-04-2008,Racing Club,,,,,,,,,,,,,,,,,,,,,
J0241,Ezequiel Cannavo,DEF,12-06-2002,Racing Club,,,,,,,,,,,,,,,,,,,,,
J0242,Facundo Cambeses,ARQ,09-04-1997,Racing Club,,,,,,,,,,,,,,,,,,,,,
J0243,Francisco Gomez,ARQ,06-04-2004,Racing Club,,,,,,,,,,,,,,,,,,,,,
J0244,Matias Tagliamonte,ARQ,19-02-1998,Racing Club,,,,,,,,,,,,,,,,,,,,,
J0245,Nicolas Fernandez,DEL,08-02-1996,Belgrano,,,,,,,,,,,,,,,,,,,,,
J0246,Lucas Passerini,DEL,16-07-1994,Belgrano,,,,,,,,,,,,,,,,,,,,,
J0247,Lautaro Gutierrez,DEL,05-02-2006,Belgrano,,,,,,,,,,,,,,,,,,,,,
J0248,Agustin Melano,DEL,26-08-2004,Belgrano,,,,,,,,,,,,,,,,,,,,,
J0249,Agustin Bono,DEL,15-02-2008,Belgrano,,,,,,,,,,,,,,,,,,,,,
J0250,Lucas Zelarayan,DEL,20-06-1992,Belgrano,,,,,,,,,,,,,,,,,,,,,
J0251,Emiliano Rigoni,DEL,04-02-1993,Belgrano,,,,,,,,,,,,,,,,,,,,,
J0252,Franco Vazquez,MED,22-02-1989,Belgrano,,,,,,,,,,,,,,,,,,,,,
J0253,Santiago Longo,MED,12-04-1998,Belgrano,,,,,,,,,,,,,,,,,,,,,
J0254,Ramiro Tulian,MED,19-01-2008,Belgrano,,,,,,,,,,,,,,,,,,,,,
J0255,Francisco Gonzalez Metilli,MED,29-03-1997,Belgrano,,,,,,,,,,,,,,,,,,,,,
J0256,Adrian Sanchez,MED,14-05-1999,Belgrano,,,,,,,,,,,,,,,,,,,,,
J0257,Juan Velazquez,MED,19-11-2004,Belgrano,,,,,,,,,,,,,,,,,,,,,
J0258,Ramiro Hernandes,MED,12-11-2004,Belgrano,,,,,,,,,,,,,,,,,,,,,
J0259,Gonzalo Zelarayan,MED,28-04-2004,Belgrano,,,,,,,,,,,,,,,,,,,,,
J0260,Santino Gatti,MED,22-09-2005,Belgrano,,,,,,,,,,,,,,,,,,,,,
J0261,Lisandro Lopez,DEF,01-09-1989,Belgrano,,,,,,,,,,,,,,,,,,,,,
J0262,Federico Ricca,DEF,01-12-1994,Belgrano,,,,,,,,,,,,,,,,,,,,,
J0263,Alcides Benitez,DEF,28-06-2002,Belgrano,,,,,,,,,,,,,,,,,,,,,
J0264,Leonardo Morales,DEF,11-04-1991,Belgrano,,,,,,,,,,,,,,,,,,,,,
J0265,Adrian Sporle,DEF,13-07-1995,Belgrano,,,,,,,,,,,,,,,,,,,,,
J0266,Alexis Maldonado,DEF,02-09-1997,Belgrano,,,,,,,,,,,,,,,,,,,,,
J0267,Alvaro Ocampo,DEF,12-07-2004,Belgrano,,,,,,,,,,,,,,,,,,,,,
J0268,Agustin Falcon,DEF,21-01-2005,Belgrano,,,,,,,,,,,,,,,,,,,,,
J0269,Agustin Griguol,DEF,01-01-2008,Belgrano,,,,,,,,,,,,,,,,,,,,,
J0270,Thiago Cardozo,ARQ,31-07-1996,Belgrano,,,,,,,,,,,,,,,,,,,,,
J0271,Matias Daniele,ARQ,02-01-2004,Belgrano,,,,,,,,,,,,,,,,,,,,,
J0272,Manuel Vicentini,ARQ,19-04-1990,Belgrano,,,,,,,,,,,,,,,,,,,,,
J0273,Joaquin Correa,DEL,13-08-1994,Estudiantes LP,,,,,,,,,,,,,,,,,,,,,
J0274,Edwuin Cetre,DEL,01-01-1998,Estudiantes LP,,,,,,,,,,,,,,,,,,,,,
J0275,Lucas Alario,DEL,08-10-1992,Estudiantes LP,,,,,,,,,,,,,,,,,,,,,
J0276,Guido Carrillo,DEL,25-05-1991,Estudiantes LP,,,,,,,,,,,,,,,,,,,,,
J0277,Adolfo Gaich,DEL,26-02-1999,Estudiantes LP,,,,,,,,,,,,,,,,,,,,,
J0278,Benjamin Sagues Barreiro,DEL,22-01-2007,Estudiantes LP,,,,,,,,,,,,,,,,,,,,,
J0279,Miguel Monsalve,DEL,27-02-2004,Estudiantes LP,,,,,,,,,,,,,,,,,,,,,
J0280,Baltasar Rodriguez,MED,09-07-2003,Estudiantes LP,,,,,,,,,,,,,,,,,,,,,
J0281,Brian Aguirre,MED,06-01-2003,Estudiantes LP,,,,,,,,,,,,,,,,,,,,,
J0282,Tiago Palacios,DEL,28-03-2001,Estudiantes LP,,,,,,,,,,,,,,,,,,,,,
J0283,Gabriel Neves,MED,11-08-1997,Estudiantes LP,,,,,,,,,,,,,,,,,,,,,
J0284,Jalil Elias,MED,25-04-1996,Estudiantes LP,,,,,,,,,,,,,,,,,,,,,
J0285,Joaquin Tobio Burgos,DEL,14-12-2004,Estudiantes LP,,,,,,,,,,,,,,,,,,,,,
J0286,José Sosa,MED,19-06-1985,Estudiantes LP,,,,,,,,,,,,,,,,,,,,,
J0287,Fabricio Perez,DEL,07-12-2005,Estudiantes LP,,,,,,,,,,,,,,,,,,,,,
J0288,Ezequiel Piovi,MED,20-08-1992,Estudiantes LP,,,,,,,,,,,,,,,,,,,,,
J0289,Alexis Castro,MED,25-10-1994,Estudiantes LP,,,,,,,,,,,,,,,,,,,,,
J0290,Bautista Kociubinski,MED,26-04-2001,Estudiantes LP,,,,,,,,,,,,,,,,,,,,,
J0291,Tomas Palacios,DEF,28-04-2003,Estudiantes LP,,,,,,,,,,,,,,,,,,,,,
J0292,Gaston Benedetti,DEF,29-03-2001,Estudiantes LP,,,,,,,,,,,,,,,,,,,,,
J0293,Eros Mancuso,DEF,17-04-1999,Estudiantes LP,,,,,,,,,,,,,,,,,,,,,
J0294,Santiago Arzamendia,DEF,05-05-1998,Estudiantes LP,,,,,,,,,,,,,,,,,,,,,
J0295,Leandro Gonzalez Pirez,DEF,26-02-1992,Estudiantes LP,,,,,,,,,,,,,,,,,,,,,
J0296,Valente Pierani,DEF,22-02-2006,Estudiantes LP,,,,,,,,,,,,,,,,,,,,,
J0297,Santiago Nuñez,DEF,29-04-2000,Estudiantes LP,,,,,,,,,,,,,,,,,,,,,
J0298,Ramiro Funes Mori,DEF,05-03-1991,Estudiantes LP,,,,,,,,,,,,,,,,,,,,,
J0299,Eric Meza,DEF,08-04-1999,Estudiantes LP,,,,,,,,,,,,,,,,,,,,,
J0300,Joaquin Pereyra,DEF,16-06-2005,Estudiantes LP,,,,,,,,,,,,,,,,,,,,,
J0301,Fernando Muslera,ARQ,16-06-1986,Estudiantes LP,,,,,,,,,,,,,,,,,,,,,
J0302,Fabricio Iacovich,ARQ,29-01-2002,Estudiantes LP,,,,,,,,,,,,,,,,,,,,,
J0303,Rodrigo Borzone,ARQ,21-10-2004,Estudiantes LP,,,,,,,,,,,,,,,,,,,,,
J0304,Jordy Caicedo,DEL,18-11-1997,Huracan,,,,,,,,,,,,,,,,,,,,,
J0305,Bruno Barticciotto,DEL,07-05-2001,Huracan,,,,,,,,,,,,,,,,,,,,,
J0306,Ignacio Pussetto,DEL,21-12-1995,Huracan,,,,,,,,,,,,,,,,,,,,,
J0307,Leonardo Sequeira,DEL,26-04-1995,Huracan,,,,,,,,,,,,,,,,,,,,,
J0308,Juan Bisanz,DEL,28-08-2001,Huracan,,,,,,,,,,,,,,,,,,,,,
J0309,Martin Soto ,DEL,01-12-2007,Huracan,,,,,,,,,,,,,,,,,,,,,
J0310,Oscar Romero,MED,04-07-1992,Huracan,,,,,,,,,,,,,,,,,,,,,
J0311,Oscar Cortes,DEL,03-12-2003,Huracan,,,,,,,,,,,,,,,,,,,,,
J0312,Leonardo Gil,MED,31-05-1991,Huracan,,,,,,,,,,,,,,,,,,,,,
J0313,Rodrigo Fernandez Cedres,MED,02-01-1996,Huracan,,,,,,,,,,,,,,,,,,,,,
J0314,Facundo Waller,MED,09-04-1997,Huracan,,,,,,,,,,,,,,,,,,,,,
J0315,Thaiel Peralta,MED,21-09-2008,Huracan,,,,,,,,,,,,,,,,,,,,,
J0316,Emmanuel Ojeda,MED,05-11-1997,Huracan,,,,,,,,,,,,,,,,,,,,,
J0317,Facundo Kalinger,MED,30-01-2005,Huracan,,,,,,,,,,,,,,,,,,,,,
J0318,Lautaro Mora,MED,25-02-2005,Huracan,,,,,,,,,,,,,,,,,,,,,
J0319,Santiago Lujan,MED,23-01-2002,Huracan,,,,,,,,,,,,,,,,,,,,,
J0320,Santino Rayneli,MED,26-03-2008,Huracan,,,,,,,,,,,,,,,,,,,,,
J0321,Lucas Blondel,DEF,14-09-1996,Huracan,,,,,,,,,,,,,,,,,,,,,
J0322,Daniel Zabala,DEF,01-01-2003,Huracan,,,,,,,,,,,,,,,,,,,,,
J0323,Cesar Ibañez,DEF,17-06-1999,Huracan,,,,,,,,,,,,,,,,,,,,,
J0324,Federico Vera,DEF,24-03-1998,Huracan,,,,,,,,,,,,,,,,,,,,,
J0325,Fabio Pereyra,DEF,31-01-1990,Huracan,,,,,,,,,,,,,,,,,,,,,
J0326,Hugo Nervo,DEF,06-01-1991,Huracan,,,,,,,,,,,,,,,,,,,,,
J0327,Maximo Palazzo,DEF,06-06-2005,Huracan,,,,,,,,,,,,,,,,,,,,,
J0328,Leandro Lescano,DEF,03-03-2003,Huracan,,,,,,,,,,,,,,,,,,,,,
J0329,Ignacio Campo,DEF,30-03-2005,Huracan,,,,,,,,,,,,,,,,,,,,,
J0330,Hernan Galindez,ARQ,30-03-1987,Huracan,,,,,,,,,,,,,,,,,,,,,
J0331,Sebastian Meza,ARQ,14-03-2000,Huracan,,,,,,,,,,,,,,,,,,,,,
J0332,Nazareno Duran,ARQ,10-05-2004,Huracan,,,,,,,,,,,,,,,,,,,,,
J0333,Agustin Alvarez,DEL,19-05-2001,Talleres,,,,,,,,,,,,,,,,,,,,,
J0334,Diego Valoyes,DEL,22-09-1996,Talleres,,,,,,,,,,,,,,,,,,,,,
J0335,Valentin Davila,DEL,19-01-2007,Talleres,,,,,,,,,,,,,,,,,,,,,
J0336,Valentin Depietri,DEL,31-10-2000,Talleres,,,,,,,,,,,,,,,,,,,,,
J0337,Emiliano Chiavassa,DEL,02-01-2006,Talleres,,,,,,,,,,,,,,,,,,,,,
J0338,Ignacio Alastra,DEL,29-10-2007,Talleres,,,,,,,,,,,,,,,,,,,,,
J0339,Franco Cristaldo,MED,15-08-1996,Talleres,,,,,,,,,,,,,,,,,,,,,
J0340,Juan Sforza,MED,14-02-2002,Talleres,,,,,,,,,,,,,,,,,,,,,
J0341,Giovanni Baroni,MED,22-01-2009,Talleres,,,,,,,,,,,,,,,,,,,,,
J0342,Matias Galarza,MED,04-03-2002,Talleres,,,,,,,,,,,,,,,,,,,,,
J0343,Rick Jhonatan Lima,DEL,02-09-1999,Talleres,,,,,,,,,,,,,,,,,,,,,
J0344,Federico Fattori,MED,22-07-1992,Talleres,,,,,,,,,,,,,,,,,,,,,
J0345,Matias Gomez,MED,23-11-2005,Talleres,,,,,,,,,,,,,,,,,,,,,
J0346,Mateo Caceres,MED,25-09-2002,Talleres,,,,,,,,,,,,,,,,,,,,,
J0347,Jeremias Gallard,MED,10-04-2004,Talleres,,,,,,,,,,,,,,,,,,,,,
J0348,Lautaro Ortiz,MED,16-01-2008,Talleres,,,,,,,,,,,,,,,,,,,,,
J0349,Bruno Trey,MED,19-01-2006,Talleres,,,,,,,,,,,,,,,,,,,,,
J0350,Matias Catalan,DEF,18-08-1992,Talleres,,,,,,,,,,,,,,,,,,,,,
J0351,Alexandro Maidana,DEF,26-07-2005,Talleres,,,,,,,,,,,,,,,,,,,,,
J0352,Santiago Fernandez,DEF,30-03-2005,Talleres,,,,,,,,,,,,,,,,,,,,,
J0353,Roman Riquelme,DEF,18-05-2002,Talleres,,,,,,,,,,,,,,,,,,,,,
J0354,Augusto Schott,DEF,17-01-2000,Talleres,,,,,,,,,,,,,,,,,,,,,
J0355,Gabriel Baez,DEF,21-07-1995,Talleres,,,,,,,,,,,,,,,,,,,,,
J0356,Valentin Fascendini,DEF,13-03-2003,Talleres,,,,,,,,,,,,,,,,,,,,,
J0357,Timoteo Chamorro,DEF,08-02-2006,Talleres,,,,,,,,,,,,,,,,,,,,,
J0358,Tomas Olmos,DEF,22-01-2005,Talleres,,,,,,,,,,,,,,,,,,,,,
J0359,Thiago Baroni,DEF,11-07-2006,Talleres,,,,,,,,,,,,,,,,,,,,,
J0360,Gonzalo Nuccio,DEF,29-01-2007,Talleres,,,,,,,,,,,,,,,,,,,,,
J0361,Santino Barbi,ARQ,14-06-2005,Talleres,,,,,,,,,,,,,,,,,,,,,
J0362,Ezequiel Unsain,ARQ,09-03-1995,Talleres,,,,,,,,,,,,,,,,,,,,,
J0363,Lucas Janson,DEL,17-08-1994,Gimnasia LP,,,,,,,,,,,,,,,,,,,,,
J0364,Marcelo Torres,DEL,06-11-1997,Gimnasia LP,,,,,,,,,,,,,,,,,,,,,
J0365,Agustin Auzmendi,DEL,01-02-1997,Gimnasia LP,,,,,,,,,,,,,,,,,,,,,
J0366,Maximiliano Zalazar,DEL,08-03-2001,Gimnasia LP,,,,,,,,,,,,,,,,,,,,,
J0367,Agustin Colazo,DEL,15-11-2000,Gimnasia LP,,,,,,,,,,,,,,,,,,,,,
J0368,Ivo Mammini,DEL,15-04-2003,Gimnasia LP,,,,,,,,,,,,,,,,,,,,,
J0369,Franco Torres,DEL,25-05-1999,Gimnasia LP,,,,,,,,,,,,,,,,,,,,,
J0370,Ignacio Fernandez,MED,12-01-1990,Gimnasia LP,,,,,,,,,,,,,,,,,,,,,
J0371,Ignacio Miramon,MED,12-06-2003,Gimnasia LP,,,,,,,,,,,,,,,,,,,,,
J0372,Nicolas Barros Schelotto,MED,22-09-2006,Gimnasia LP,,,,,,,,,,,,,,,,,,,,,
J0373,Juan Perez,MED,25-07-2004,Gimnasia LP,,,,,,,,,,,,,,,,,,,,,
J0374,Manuel Panaro,DEL,28-12-2002,Gimnasia LP,,,,,,,,,,,,,,,,,,,,,
J0375,Mateo Seoane,MED,09-02-2004,Gimnasia LP,,,,,,,,,,,,,,,,,,,,,
J0376,Jeremias Merlo,DEL,20-06-2006,Gimnasia LP,,,,,,,,,,,,,,,,,,,,,
J0377,Facundo Di Biasi,MED,22-06-2005,Gimnasia LP,,,,,,,,,,,,,,,,,,,,,
J0378,Leandro Mamut,MED,31-12-2003,Gimnasia LP,,,,,,,,,,,,,,,,,,,,,
J0379,Augusto Max,MED,10-08-1992,Gimnasia LP,,,,,,,,,,,,,,,,,,,,,
J0380,Pablo Aguiar,MED,18-03-2006,Gimnasia LP,,,,,,,,,,,,,,,,,,,,,
J0381,Santiago Villarreal,MED,20-11-2005,Gimnasia LP,,,,,,,,,,,,,,,,,,,,,
J0382,German Conti,DEF,03-06-1994,Gimnasia LP,,,,,,,,,,,,,,,,,,,,,
J0383,Renzo Giampaoli,DEF,07-01-2000,Gimnasia LP,,,,,,,,,,,,,,,,,,,,,
J0384,Alexis Steimbach,DEF,25-07-2002,Gimnasia LP,,,,,,,,,,,,,,,,,,,,,
J0385,Matias Melluso,DEF,09-06-1998,Gimnasia LP,,,,,,,,,,,,,,,,,,,,,
J0386,Enzo Martinez,DEF,29-04-1998,Gimnasia LP,,,,,,,,,,,,,,,,,,,,,
J0387,Pedro Silva Torrejon,DEF,25-01-1997,Gimnasia LP,,,,,,,,,,,,,,,,,,,,,
J0388,Bautista Barros Schelotto,DEF,13-01-2000,Gimnasia LP,,,,,,,,,,,,,,,,,,,,,
J0389,Juan Cruz Cortazzo,DEF,18-10-2005,Gimnasia LP,,,,,,,,,,,,,,,,,,,,,
J0390,Gonzalo Errecalde,DEF,30-03-2000,Gimnasia LP,,,,,,,,,,,,,,,,,,,,,
J0391,Lucas Lamella,DEF,11-12-2009,Gimnasia LP,,,,,,,,,,,,,,,,,,,,,
J0392,Fabricio Corbalan,DEF,29-09-2003,Gimnasia LP,,,,,,,,,,,,,,,,,,,,,
J0393,Harlen Castillo,ARQ,17-08-1993,Gimnasia LP,,,,,,,,,,,,,,,,,,,,,
J0394,Nelson Insfran,ARQ,24-05-1995,Gimnasia LP,,,,,,,,,,,,,,,,,,,,,
J0395,Julian Kadijevic,ARQ,27-01-2004,Gimnasia LP,,,,,,,,,,,,,,,,,,,,,
J0396,Ezequiel Avila,DEL,06-02-1994,Independiente,,,,,,,,,,,,,,,,,,,,,
J0397,Ivan Morales,DEL,29-07-1999,Independiente,,,,,,,,,,,,,,,,,,,,,
J0398,Rodrigo Marquez,DEL,15-02-2002,Independiente,,,,,,,,,,,,,,,,,,,,,
J0399,Felipe Tempone,DEL,03-02-2006,Independiente,,,,,,,,,,,,,,,,,,,,,
J0400,Nahuel Junco,DEL,08-09-2005,Independiente,,,,,,,,,,,,,,,,,,,,,
J0401,Luciano Cabral,DEL,26-04-1995,Independiente,,,,,,,,,,,,,,,,,,,,,
J0402,Imanol Machuca,DEL,15-01-2000,Independiente,,,,,,,,,,,,,,,,,,,,,
J0403,Lautaro Millan,MED,16-08-2005,Independiente,,,,,,,,,,,,,,,,,,,,,
J0404,Maximiliano Meza,MED,15-12-1992,Independiente,,,,,,,,,,,,,,,,,,,,,
J0405,Santiago Montiel,DEL,22-11-2000,Independiente,,,,,,,,,,,,,,,,,,,,,
J0406,Matias Abaldo,DEL,02-04-2004,Independiente,,,,,,,,,,,,,,,,,,,,,
J0407,Tomas Parmo,MED,08-01-2008,Independiente,,,,,,,,,,,,,,,,,,,,,
J0408,Ivan Marcone,MED,03-06-1990,Independiente,,,,,,,,,,,,,,,,,,,,,
J0409,Mateo Perez Curci,MED,24-01-2006,Independiente,,,,,,,,,,,,,,,,,,,,,
J0410,David Martinez,MED,14-06-2004,Independiente,,,,,,,,,,,,,,,,,,,,,
J0411,Joel Medina,MED,07-07-2007,Independiente,,,,,,,,,,,,,,,,,,,,,
J0412,Josias Palais,MED,11-04-2006,Independiente,,,,,,,,,,,,,,,,,,,,,
J0413,Facundo Cruz,MED,22-05-2006,Independiente,,,,,,,,,,,,,,,,,,,,,
J0414,Joshua Velardez,MED,06-03-2006,Independiente,,,,,,,,,,,,,,,,,,,,,
J0415,Santiago Arias,DEF,13-01-1992,Independiente,,,,,,,,,,,,,,,,,,,,,
J0416,Leonardo Godoy,DEF,28-04-1995,Independiente,,,,,,,,,,,,,,,,,,,,,
J0417,Facundo Zabala,DEF,02-01-1999,Independiente,,,,,,,,,,,,,,,,,,,,,
J0418,Franco Calderon,DEF,13-05-1998,Independiente,,,,,,,,,,,,,,,,,,,,,
J0419,Juan Miguel Arrayago,DEF,17-11-2008,Independiente,,,,,,,,,,,,,,,,,,,,,
J0420,Juan Manuel Fedorco,DEF,28-11-2000,Independiente,,,,,,,,,,,,,,,,,,,,,
J0421,Jonathan De Irastorza,DEF,05-08-2005,Independiente,,,,,,,,,,,,,,,,,,,,,
J0422,Sebastian Valdez,DEF,06-11-1995,Independiente,,,,,,,,,,,,,,,,,,,,,
J0423,Santiago Mele,ARQ,06-09-1997,Independiente,,,,,,,,,,,,,,,,,,,,,
J0424,Rodrigo Rey,ARQ,08-03-1991,Independiente,,,,,,,,,,,,,,,,,,,,,
J0425,Joaquin Blazquez,ARQ,28-01-2001,Independiente,,,,,,,,,,,,,,,,,,,,,
J0426,Ronaldo Martinez,DEL,25-04-1996,Velez Sarsfield,,,,,,,,,,,,,,,,,,,,,
J0427,Juan Cruz Policella,DEL,03-08-2009,Velez Sarsfield,,,,,,,,,,,,,,,,,,,,,
J0428,Alex Veron,DEL,24-10-2008,Velez Sarsfield,,,,,,,,,,,,,,,,,,,,,
J0429,Dilan Godoy,DEL,05-02-2006,Velez Sarsfield,,,,,,,,,,,,,,,,,,,,,
J0430,Thiago Aguirre,DEL,14-02-2009,Velez Sarsfield,,,,,,,,,,,,,,,,,,,,,
J0431,Lautaro Piola,DEL,02-02-2008,Velez Sarsfield,,,,,,,,,,,,,,,,,,,,,
J0432,Diego Valdes ,DEL,30-01-1994,Velez Sarsfield,,,,,,,,,,,,,,,,,,,,,
J0433,Manuel Lanzini,DEL,15-02-1993,Velez Sarsfield,,,,,,,,,,,,,,,,,,,,,
J0434,Lucas Robertone,MED,18-03-1997,Velez Sarsfield,,,,,,,,,,,,,,,,,,,,,
J0435,Claudio Baeza,MED,23-12-1993,Velez Sarsfield,,,,,,,,,,,,,,,,,,,,,
J0436,Matias Pellegrini,DEL,11-03-2000,Velez Sarsfield,,,,,,,,,,,,,,,,,,,,,
J0437,Rodrigo Aliendro,MED,16-02-1991,Velez Sarsfield,,,,,,,,,,,,,,,,,,,,,
J0438,Luca Feler,MED,26-01-2008,Velez Sarsfield,,,,,,,,,,,,,,,,,,,,,
J0439,Matias Arias,MED,08-05-2007,Velez Sarsfield,,,,,,,,,,,,,,,,,,,,,
J0440,Thiago Villalba,MED,28-02-2007,Velez Sarsfield,,,,,,,,,,,,,,,,,,,,,
J0441,Simon Escobar,DEF,17-07-2009,Velez Sarsfield,,,,,,,,,,,,,,,,,,,,,
J0442,Joaquin Garcia,DEF,20-08-2001,Velez Sarsfield,,,,,,,,,,,,,,,,,,,,,
J0443,Emanuel Mammana,DEF,10-02-1996,Velez Sarsfield,,,,,,,,,,,,,,,,,,,,,
J0444,Thiago Silvero,DEF,18-04-2006,Velez Sarsfield,,,,,,,,,,,,,,,,,,,,,
J0445,Lisandro Magallan,DEF,27-09-1993,Velez Sarsfield,,,,,,,,,,,,,,,,,,,,,
J0446,Jano Gordon,DEF,16-06-2004,Velez Sarsfield,,,,,,,,,,,,,,,,,,,,,
J0447,Elias Gomez,DEF,09-06-1994,Velez Sarsfield,,,,,,,,,,,,,,,,,,,,,
J0448,Leo Cristaldo,DEF,12-01-2009,Velez Sarsfield,,,,,,,,,,,,,,,,,,,,,
J0449,Alexis Pereyra,DEF,03-02-2007,Velez Sarsfield,,,,,,,,,,,,,,,,,,,,,
J0450,Ulises Piedrabuena,DEF,13-03-2008,Velez Sarsfield,,,,,,,,,,,,,,,,,,,,,
J0451,Tomas Marchiori,ARQ,20-01-1995,Velez Sarsfield,,,,,,,,,,,,,,,,,,,,,
J0452,Alvaro Busso,ARQ,11-10-2006,Velez Sarsfield,,,,,,,,,,,,,,,,,,,,,
J0453,Facundo Sanguinetti,ARQ,01-03-2001,Velez Sarsfield,,,,,,,,,,,,,,,,,,,,,
J0454,Alexis Canelo,DEL,03-02-1992,Atletico Tucuman,,,,,,,,,,,,,,,,,,,,,
J0455,Leandro Diaz,DEL,06-06-1992,Atletico Tucuman,,,,,,,,,,,,,,,,,,,,,
J0456,Ramiro Ruiz Rodriguez,DEL,21-03-2000,Atletico Tucuman,,,,,,,,,,,,,,,,,,,,,
J0457,Manuel Brondo,DEL,25-02-2002,Atletico Tucuman,,,,,,,,,,,,,,,,,,,,,
J0458,Carlos Abeldano,DEL,09-04-2005,Atletico Tucuman,,,,,,,,,,,,,,,,,,,,,
J0459,Facundo Pimienta,DEL,17-07-2003,Atletico Tucuman,,,,,,,,,,,,,,,,,,,,,
J0460,Martin Benitez,MED,17-06-1994,Atletico Tucuman,,,,,,,,,,,,,,,,,,,,,
J0461,Ezequiel Ham,MED,10-03-1994,Atletico Tucuman,,,,,,,,,,,,,,,,,,,,,
J0462,Nicolas Lamendola,DEL,12-12-1998,Atletico Tucuman,,,,,,,,,,,,,,,,,,,,,
J0463,Franco Nicola,DEL,18-04-2002,Atletico Tucuman,,,,,,,,,,,,,,,,,,,,,
J0464,Kevin Ortiz,MED,18-09-2000,Atletico Tucuman,,,,,,,,,,,,,,,,,,,,,
J0465,Renzo Tesuri,MED,07-06-1996,Atletico Tucuman,,,,,,,,,,,,,,,,,,,,,
J0466,Julian Fernandez,MED,22-03-1995,Atletico Tucuman,,,,,,,,,,,,,,,,,,,,,
J0467,Lautaro Godoy,MED,15-03-2003,Atletico Tucuman,,,,,,,,,,,,,,,,,,,,,
J0468,Gabriel Compagnucci,MED,29-08-1991,Atletico Tucuman,,,,,,,,,,,,,,,,,,,,,
J0469,Leonel Vega,MED,08-01-2004,Atletico Tucuman,,,,,,,,,,,,,,,,,,,,,
J0470,Ezequiel Godoy,MED,09-10-2003,Atletico Tucuman,,,,,,,,,,,,,,,,,,,,,
J0471,Leonel Di Placido,DEF,28-01-1994,Atletico Tucuman,,,,,,,,,,,,,,,,,,,,,
J0472,Clever Ferreira,DEF,20-02-2003,Atletico Tucuman,,,,,,,,,,,,,,,,,,,,,
J0473,Juan Gabriel Rodriguez,DEF,28-02-1994,Atletico Tucuman,,,,,,,,,,,,,,,,,,,,,
J0474,Ignacio Galvan,DEF,06-09-2002,Atletico Tucuman,,,,,,,,,,,,,,,,,,,,,
J0475,Gianluca Ferrari,DEF,30-06-1997,Atletico Tucuman,,,,,,,,,,,,,,,,,,,,,
J0476,Maximiliano Villa,DEF,03-03-1997,Atletico Tucuman,,,,,,,,,,,,,,,,,,,,,
J0477,Gaston Suso,DEF,12-03-1991,Atletico Tucuman,,,,,,,,,,,,,,,,,,,,,
J0478,Luciano Vallejo,DEF,29-05-2004,Atletico Tucuman,,,,,,,,,,,,,,,,,,,,,
J0479,Juan Infante,DEF,07-01-1996,Atletico Tucuman,,,,,,,,,,,,,,,,,,,,,
J0480,Ramiro Paunero,DEF,14-03-2005,Atletico Tucuman,,,,,,,,,,,,,,,,,,,,,
J0481,Moises Brandan,DEF,26-08-2000,Atletico Tucuman,,,,,,,,,,,,,,,,,,,,,
J0482,Luis Ingolotti,ARQ,14-01-2000,Atletico Tucuman,,,,,,,,,,,,,,,,,,,,,
J0483,Tomas Durso,ARQ,26-02-1999,Atletico Tucuman,,,,,,,,,,,,,,,,,,,,,
J0484,Patricio Albornoz,ARQ,04-04-2000,Atletico Tucuman,,,,,,,,,,,,,,,,,,,,,
J0485,Ian Subiabre,DEL,01-01-2007,Tigre,,,,,,,,,,,,,,,,,,,,,
J0486,Ignacio Russo,DEL,13-12-2000,Tigre,,,,,,,,,,,,,,,,,,,,,
J0487,Mauro Mendez,DEL,17-01-1999,Tigre,,,,,,,,,,,,,,,,,,,,,
J0488,Jeronimo Domina,DEL,17-10-2005,Tigre,,,,,,,,,,,,,,,,,,,,,
J0489,Alfio Oviedo,DEL,18-12-1995,Tigre,,,,,,,,,,,,,,,,,,,,,
J0490,Marco Rivas,DEL,01-01-2008,Tigre,,,,,,,,,,,,,,,,,,,,,
J0491,Manuel Fernandez,DEL,08-10-2004,Tigre,,,,,,,,,,,,,,,,,,,,,
J0492,Gonzalo Martinez,DEL,13-06-1993,Tigre,,,,,,,,,,,,,,,,,,,,,
J0493,Santiago Lopez,DEL,09-02-2006,Tigre,,,,,,,,,,,,,,,,,,,,,
J0494,Jabes Saralegui,MED,12-04-2003,Tigre,,,,,,,,,,,,,,,,,,,,,
J0495,Tiago Serrago,DEL,05-02-2004,Tigre,,,,,,,,,,,,,,,,,,,,,
J0496,Simon Rivero,MED,16-04-2003,Tigre,,,,,,,,,,,,,,,,,,,,,
J0497,Santiago Gonzalez,MED,03-05-2003,Tigre,,,,,,,,,,,,,,,,,,,,,
J0498,Nicolas Dubersarsky,MED,21-12-2004,Tigre,,,,,,,,,,,,,,,,,,,,,
J0499,Bruno Leyes,MED,30-10-2001,Tigre,,,,,,,,,,,,,,,,,,,,,
J0500,Martin Garay,MED,12-06-1999,Tigre,,,,,,,,,,,,,,,,,,,,,
J0501,Sebastian Medina,MED,15-03-2000,Tigre,,,,,,,,,,,,,,,,,,,,,
J0502,Ignacio Peluffo,MED,28-08-2006,Tigre,,,,,,,,,,,,,,,,,,,,,
J0503,Sebastian Lezcano,MED,08-02-2007,Tigre,,,,,,,,,,,,,,,,,,,,,
J0504,Juan Villalba,DEF,15-03-2006,Tigre,,,,,,,,,,,,,,,,,,,,,
J0505,Guillermo Soto,DEF,19-01-1994,Tigre,,,,,,,,,,,,,,,,,,,,,
J0506,Alan Barrionuevo,DEF,02-01-1997,Tigre,,,,,,,,,,,,,,,,,,,,,
J0507,Ramon Arias,DEF,27-07-1992,Tigre,,,,,,,,,,,,,,,,,,,,,
J0508,Nahuel Banegas,DEF,06-10-1996,Tigre,,,,,,,,,,,,,,,,,,,,,
J0509,Joaquin Laso,DEF,04-07-1990,Tigre,,,,,,,,,,,,,,,,,,,,,
J0510,Gonzalo Requena,DEF,04-03-2003,Tigre,,,,,,,,,,,,,,,,,,,,,
J0511,Valentin Moreno,DEF,19-02-2003,Tigre,,,,,,,,,,,,,,,,,,,,,
J0512,Federico Alvarez,DEF,07-08-1994,Tigre,,,,,,,,,,,,,,,,,,,,,
J0513,Angelo Marchese,DEF,02-08-2004,Tigre,,,,,,,,,,,,,,,,,,,,,
J0514,Tomas Fernandez,DEF,07-01-2004,Tigre,,,,,,,,,,,,,,,,,,,,,
J0515,Luciano Minniti,DEF,23-09-2005,Tigre,,,,,,,,,,,,,,,,,,,,,
J0516,Felipe Zenobio,ARQ,22-05-2000,Tigre,,,,,,,,,,,,,,,,,,,,,
J0517,Lautaro Morales,ARQ,16-12-1999,Tigre,,,,,,,,,,,,,,,,,,,,,
J0518,Cristian Tarragona,DEL,09-04-1991,Union,,,,,,,,,,,,,,,,,,,,,
J0519,Marcelo Estigarribia,DEL,10-04-1995,Union,,,,,,,,,,,,,,,,,,,,,
J0520,Eric Ramirez,DEL,21-09-1996,Union,,,,,,,,,,,,,,,,,,,,,
J0521,Misael Aguirre,DEL,29-10-2007,Union,,,,,,,,,,,,,,,,,,,,,
J0522,Valentin Cerrudo,DEL,17-03-2006,Union,,,,,,,,,,,,,,,,,,,,,
J0523,Ignacio Malcorra,MED,24-07-1987,Union,,,,,,,,,,,,,,,,,,,,,
J0524,Julian Palacios,MED,04-02-1999,Union,,,,,,,,,,,,,,,,,,,,,
J0525,Joaquin Mosqueira,MED,11-01-2004,Union,,,,,,,,,,,,,,,,,,,,,
J0526,Augusto Solari,MED,03-01-1992,Union,,,,,,,,,,,,,,,,,,,,,
J0527,Lucas Menossi,MED,11-07-1992,Union,,,,,,,,,,,,,,,,,,,,,
J0528,Mauro Luna Diale,DEL,26-04-1999,Union,,,,,,,,,,,,,,,,,,,,,
J0529,Franco Fragapane,DEL,06-02-1993,Union,,,,,,,,,,,,,,,,,,,,,
J0530,Emilio Giaccone,MED,14-01-2005,Union,,,,,,,,,,,,,,,,,,,,,
J0531,Brahian Cuello,MED,30-09-1997,Union,,,,,,,,,,,,,,,,,,,,,
J0532,Santiago Grella,MED,16-03-2005,Union,,,,,,,,,,,,,,,,,,,,,
J0533,German Torres,MED,30-03-2001,Union,,,,,,,,,,,,,,,,,,,,,
J0534,Lautaro Vargas,DEF,01-02-2005,Union,,,,,,,,,,,,,,,,,,,,,
J0535,Juan De Dios Pintado,DEF,28-07-1997,Union,,,,,,,,,,,,,,,,,,,,,
J0536,Tobias Rubio,DEF,27-07-2004,Union,,,,,,,,,,,,,,,,,,,,,
J0537,Matias Rocha,DEF,13-02-2001,Union,,,,,,,,,,,,,,,,,,,,,
J0538,Juan Pablo Ludueña,DEF,11-02-2003,Union,,,,,,,,,,,,,,,,,,,,,
J0539,Bruno Pitton,DEF,01-02-1993,Union,,,,,,,,,,,,,,,,,,,,,
J0540,Lucas Ayala,DEF,11-02-2007,Union,,,,,,,,,,,,,,,,,,,,,
J0541,Tomas Fagioli,DEF,22-08-2005,Union,,,,,,,,,,,,,,,,,,,,,
J0542,Nazareno Fazzi,DEF,29-12-2006,Union,,,,,,,,,,,,,,,,,,,,,
J0543,Federico Gomes Gerth,ARQ,05-03-2004,Union,,,,,,,,,,,,,,,,,,,,,
J0544,Matias Mansilla,ARQ,15-02-1996,Union,,,,,,,,,,,,,,,,,,,,,
J0545,Lucas Meuli,ARQ,30-06-2001,Union,,,,,,,,,,,,,,,,,,,,,
J0546,Nicolas Lopez,DEL,01-10-1993,Platense,,,,,,,,,,,,,,,,,,,,,
J0547,Tomas Nasif,DEL,02-01-2004,Platense,,,,,,,,,,,,,,,,,,,,,
J0548,Gonzalo Lencina,DEL,18-10-1997,Platense,,,,,,,,,,,,,,,,,,,,,
J0549,Bruno Sepulveda,DEL,17-09-1992,Platense,,,,,,,,,,,,,,,,,,,,,
J0550,Leonardo Heredia,DEL,11-01-1996,Platense,,,,,,,,,,,,,,,,,,,,,
J0551,Luciano Gimenez,DEL,18-02-2000,Platense,,,,,,,,,,,,,,,,,,,,,
J0552,Augusto Lotti,DEL,10-06-1996,Platense,,,,,,,,,,,,,,,,,,,,,Platense
J0553,Manuel Tucker,DEL,31-10-2004,Platense,,,,,,,,,,,,,,,,,,,,,
J0554,Juan Gauto,DEL,02-06-2004,Platense,,,,,,,,,,,,,,,,,,,,,
J0555,Hector Bobadilla,DEL,08-06-2001,Platense,,,,,,,,,,,,,,,,,,,,,
J0556,Franco Zapiola,DEL,19-02-2001,Platense,,,,,,,,,,,,,,,,,,,,,
J0557,Gaston Togni,DEL,20-09-1997,Platense,,,,,,,,,,,,,,,,,,,,,
J0558,Santiago Dalmasso,MED,18-06-2004,Platense,,,,,,,,,,,,,,,,,,,,,
J0559,Guido Mainero,DEL,23-03-1995,Platense,,,,,,,,,,,,,,,,,,,,,
J0560,Martin Barrios,MED,24-01-1999,Platense,,,,,,,,,,,,,,,,,,,,,
J0561,Nicolas Retamar,MED,06-02-1999,Platense,,,,,,,,,,,,,,,,,,,,,
J0562,Felipe Bussio,MED,16-06-2004,Platense,,,,,,,,,,,,,,,,,,,,,
J0563,Franco Minerva,DEL,31-01-2004,Platense,,,,,,,,,,,,,,,,,,,,,
J0564,Pablo Ferreira,MED,23-10-2004,Platense,,,,,,,,,,,,,,,,,,,,,
J0565,Ivan Gomez,MED,28-02-1997,Platense,,,,,,,,,,,,,,,,,,,,,
J0566,Bautista Merlini,MED,04-07-1995,Platense,,,,,,,,,,,,,,,,,,,,,
J0567,Maximiliano Amarfil,MED,03-11-2001,Platense,,,,,,,,,,,,,,,,,,,,,
J0568,Victor Cuesta,DEF,19-11-1988,Platense,,,,,,,,,,,,,,,,,,,,,
J0569,Mateo Mendia,DEF,03-02-2004,Platense,,,,,,,,,,,,,,,,,,,,,
J0570,Ignacio Vazquez,DEF,15-06-1997,Platense,,,,,,,,,,,,,,,,,,,,,
J0571,Agustin Lagos,DEF,09-10-2001,Platense,,,,,,,,,,,,,,,,,,,,,
J0572,Tomas Silva,DEF,08-03-2003,Platense,,,,,,,,,,,,,,,,,,,,,
J0573,Santiago Quiros,DEF,04-03-2003,Platense,,,,,,,,,,,,,,,,,,,,,
J0574,Juan Ignacio Saborido,DEF,25-04-1998,Platense,,,,,,,,,,,,,,,,,,,,,
J0575,Fabricio Lopez,DEF,21-11-2002,Platense,,,,,,,,,,,,,,,,,,,,,
J0576,Eugenio Raggio,DEF,31-08-2001,Platense,,,,,,,,,,,,,,,,,,,,,
J0577,Celias Ingenthron,DEF,28-06-2008,Platense,,,,,,,,,,,,,,,,,,,,,
J0578,Gonzalo Goñi,DEF,16-08-1998,Platense,,,,,,,,,,,,,,,,,,,,,
J0579,Juan Pablo Cozzani,ARQ,09-10-1998,Platense,,,,,,,,,,,,,,,,,,,,,
J0580,Nicolas Sumavil,ARQ,20-11-1999,Platense,,,,,,,,,,,,,,,,,,,,,
J0581,Brian Bustos,ARQ,22-08-1996,Platense,,,,,,,,,,,,,,,,,,,,,
J0582,Rodrigo Auzmendi,DEL,02-01-2001,San Lorenzo,,,,,,,,,,,,,,,,,,,,,
J0583,Alexis Cuello,DEL,18-02-2000,San Lorenzo,,,,,,,,,,,,,,,,,,,,,
J0584,Diego Herazo,DEL,14-04-1996,San Lorenzo,,,,,,,,,,,,,,,,,,,,,
J0585,Matias Reali,DEL,14-01-1997,San Lorenzo,,,,,,,,,,,,,,,,,,,,,
J0586,Branco Salinardi,DEL,26-04-2007,San Lorenzo,,,,,,,,,,,,,,,,,,,,,
J0587,Enzo Salas,DEL,22-10-2006,San Lorenzo,,,,,,,,,,,,,,,,,,,,,
J0588,Facundo Farias,DEL,28-08-2002,San Lorenzo,,,,,,,,,,,,,,,,,,,,,
J0589,Uriel Ojeda,MED,22-03-2008,San Lorenzo,,,,,,,,,,,,,,,,,,,,,
J0590,Nahuel Barrios,DEL,07-05-1998,San Lorenzo,,,,,,,,,,,,,,,,,,,,,
J0591,Ignacio Perruzzi,MED,22-03-2005,San Lorenzo,,,,,,,,,,,,,,,,,,,,,
J0592,Gustavo Del Prete,DEL,12-06-1996,San Lorenzo,,,,,,,,,,,,,,,,,,,,,
J0593,Facundo Gulli,MED,25-09-2005,San Lorenzo,,,,,,,,,,,,,,,,,,,,,
J0594,Nicolas Tripichio,MED,05-01-1996,San Lorenzo,,,,,,,,,,,,,,,,,,,,,
J0595,Ezequiel Cerutti,DEL,17-01-1992,San Lorenzo,,,,,,,,,,,,,,,,,,,,,
J0596,Martin Rio,MED,14-03-2001,San Lorenzo,,,,,,,,,,,,,,,,,,,,,
J0597,Gonzalo Abrego,MED,07-01-2000,San Lorenzo,,,,,,,,,,,,,,,,,,,,,
J0598,Manuel Insaurralde,MED,31-01-1999,San Lorenzo,,,,,,,,,,,,,,,,,,,,,
J0599,Juan Rattalino,MED,23-06-2004,San Lorenzo,,,,,,,,,,,,,,,,,,,,,
J0600,Mauricio Cardillo,MED,11-03-2003,San Lorenzo,,,,,,,,,,,,,,,,,,,,,
J0601,Juan Pablo Alvarez,DEL,10-02-1996,San Lorenzo,,,,,,,,,,,,,,,,,,,,,
J0602,Gonzalo Alassia,MED,13-02-2004,San Lorenzo,,,,,,,,,,,,,,,,,,,,,
J0603,Emiliano Amor,DEF,16-05-1995,San Lorenzo,,,,,,,,,,,,,,,,,,,,,
J0604,Teo Rodriguez Pagano,DEF,12-10-2005,San Lorenzo,,,,,,,,,,,,,,,,,,,,,
J0605,Danilo Arboleda,DEF,16-05-1995,San Lorenzo,,,,,,,,,,,,,,,,,,,,,
J0606,Mathias De Ritis,DEF,31-01-2003,San Lorenzo,,,,,,,,,,,,,,,,,,,,,
J0607,Gaston Hernandez,DEF,19-01-1998,San Lorenzo,,,,,,,,,,,,,,,,,,,,,
J0608,Ezequiel Herrera,DEF,22-01-2003,San Lorenzo,,,,,,,,,,,,,,,,,,,,,
J0609,Agustin Ladstatter,DEL,05-06-2005,San Lorenzo,,,,,,,,,,,,,,,,,,,,,
J0610,Gumzan Corujo,DEF,02-07-1996,San Lorenzo,,,,,,,,,,,,,,,,,,,,,
J0611,Nahuel Arias,DEF,03-01-2005,San Lorenzo,,,,,,,,,,,,,,,,,,,,,
J0612,Daniel Herrera,DEF,06-02-2004,San Lorenzo,,,,,,,,,,,,,,,,,,,,,
J0613,Alejo Cordoba,DEF,17-05-2004,San Lorenzo,,,,,,,,,,,,,,,,,,,,,
J0614,Franco Lorenzon,DEF,19-03-2001,San Lorenzo,,,,,,,,,,,,,,,,,,,,,
J0615,Jose Devecchi,ARQ,09-07-1995,San Lorenzo,,,,,,,,,,,,,,,,,,,,,
J0616,Facundo Altamirano,ARQ,21-03-1996,San Lorenzo,,,,,,,,,,,,,,,,,,,,,
J0617,Mateo Clemente,ARQ,12-06-2002,San Lorenzo,,,,,,,,,,,,,,,,,,,,,
J0618,Miguel Graneros,DEL,28-04-1996,Deportivo Riestra,,,,,,,,,,,,,,,,,,,,,
J0619,Alexander Diaz,DEL,22-03-2000,Deportivo Riestra,,,,,,,,,,,,,,,,,,,,,
J0620,Nicolas Benegas,DEL,01-03-1996,Deportivo Riestra,,,,,,,,,,,,,,,,,,,,,
J0621,Angel Stringa,DEL,06-04-1996,Deportivo Riestra,,,,,,,,,,,,,,,,,,,,,
J0622,Fabricio Ventresca,DEL,17-08-2005,Deportivo Riestra,,,,,,,,,,,,,,,,,,,,,
J0623,Milton Celiz,MED,25-07-1992,Deportivo Riestra,,,,,,,,,,,,,,,,,,,,,
J0624,Antony Alonso Espinoza,DEL,11-05-1998,Deportivo Riestra,,,,,,,,,,,,,,,,,,,,,
J0625,Tomas Gonzalez,DEL,18-05-2003,Deportivo Riestra,,,,,,,,,,,,,,,,,,,,,
J0626,Nicolas Watson,MED,22-05-1998,Deportivo Riestra,,,,,,,,,,,,,,,,,,,,,
J0627,Gabriel Obredor,DEL,06-01-1997,Deportivo Riestra,,,,,,,,,,,,,,,,,,,,,
J0628,Thiago Lauro,MED,24-05-2005,Deportivo Riestra,,,,,,,,,,,,,,,,,,,,,
J0629,Braian Sanchez,MED,11-06-1993,Deportivo Riestra,,,,,,,,,,,,,,,,,,,,,
J0630,Jonathan Goitia,MED,08-02-1994,Deportivo Riestra,,,,,,,,,,,,,,,,,,,,,
J0631,Pablo Monje,MED,06-02-1997,Deportivo Riestra,,,,,,,,,,,,,,,,,,,,,
J0632,Mauro Smarra,DEL,30-04-1999,Deportivo Riestra,,,,,,,,,,,,,,,,,,,,,
J0633,Angel Almada,MED,21-09-2000,Deportivo Riestra,,,,,,,,,,,,,,,,,,,,,
J0634,Benjamin Perez,MED,03-06-2006,Deportivo Riestra,,,,,,,,,,,,,,,,,,,,,
J0635,Gonzalo Bravo,MED,18-05-1990,Deportivo Riestra,,,,,,,,,,,,,,,,,,,,,
J0636,Carlos Quintana,DEF,11-02-1988,Deportivo Riestra,,,,,,,,,,,,,,,,,,,,,
J0637,Ignacio Gariglio,DEF,25-04-1998,Deportivo Riestra,,,,,,,,,,,,,,,,,,,,,
J0638,Yeison Murillo,DEF,15-11-1993,Deportivo Riestra,,,,,,,,,,,,,,,,,,,,,
J0639,Mariano Bracamonte,DEF,24-04-1999,Deportivo Riestra,,,,,,,,,,,,,,,,,,,,,
J0640,Pedro Ramirez,DEF,04-04-2000,Deportivo Riestra,,,,,,,,,,,,,,,,,,,,,
J0641,Facundo Miño,DEF,16-10-1999,Deportivo Riestra,,,,,,,,,,,,,,,,,,,,,
J0642,Rodrigo Gallo,DEF,04-11-2000,Deportivo Riestra,,,,,,,,,,,,,,,,,,,,,
J0643,Juan Cruz Randazzo,DEF,11-10-1994,Deportivo Riestra,,,,,,,,,,,,,,,,,,,,,
J0644,Cristian Paz,DEF,24-04-1995,Deportivo Riestra,,,,,,,,,,,,,,,,,,,,,
J0645,Nicolas Sansotre,DEF,08-09-1993,Deportivo Riestra,,,,,,,,,,,,,,,,,,,,,
J0646,Eric Tovo,DEF,06-03-1992,Deportivo Riestra,,,,,,,,,,,,,,,,,,,,,
J0647,Manuel Aiello,DEF,05-06-2004,Deportivo Riestra,,,,,,,,,,,,,,,,,,,,,
J0648,Ignacio Arce,ARQ,08-02-1992,Deportivo Riestra,,,,,,,,,,,,,,,,,,,,,
J0649,Mariano Arzamendia,ARQ,19-01-1998,Deportivo Riestra,,,,,,,,,,,,,,,,,,,,,
J0650,Ivan Lopez,ARQ,17-02-1996,Deportivo Riestra,,,,,,,,,,,,,,,,,,,,,
J0651,Leandro Fernandez,DEL,12-03-1991,Defensa Y Justicia,,,,,,,,,,,,,,,,,,,,,
J0652,Tiziano Perrota,DEL,25-11-2006,Defensa Y Justicia,,,,,,,,,,,,,,,,,,,,,
J0653,Juan Manuel Gutierrez,DEL,04-02-2002,Defensa Y Justicia,,,,,,,,,,,,,,,,,,,,,
J0654,Tomas Perez,DEL,27-04-2006,Defensa Y Justicia,,,,,,,,,,,,,,,,,,,,,
J0655,David Barbona,DEL,22-02-1995,Defensa Y Justicia,,,,,,,,,,,,,,,,,,,,,
J0656,Agustin Hausch,DEL,21-05-2003,Defensa Y Justicia,,,,,,,,,,,,,,,,,,,,,
J0657,Facundo Altamira ,DEL,03-08-2001,Defensa Y Justicia,,,,,,,,,,,,,,,,,,,,,
J0658,Ever Banega,MED,29-06-1988,Defensa Y Justicia,,,,,,,,,,,,,,,,,,,,,
J0659,Cesar Perez,MED,29-11-2002,Defensa Y Justicia,,,,,,,,,,,,,,,,,,,,,
J0660,Aaron Molinas,MED,02-08-2000,Defensa Y Justicia,,,,,,,,,,,,,,,,,,,,,
J0661,Domingo Blanco,MED,22-04-1995,Defensa Y Justicia,,,,,,,,,,,,,,,,,,,,,
J0662,Santiago Sosa,MED,30-01-2005,Defensa Y Justicia,,,,,,,,,,,,,,,,,,,,,
J0663,Jeremias Lucco,MED,10-12-2005,Defensa Y Justicia,,,,,,,,,,,,,,,,,,,,,
J0664,Maximiliano Porcel,MED,02-01-2006,Defensa Y Justicia,,,,,,,,,,,,,,,,,,,,,
J0665,Julian Lopez,MED,08-01-2000,Defensa Y Justicia,,,,,,,,,,,,,,,,,,,,,
J0666,Nicolas Palavecino,MED,29-03-2003,Defensa Y Justicia,,,,,,,,,,,,,,,,,,,,,
J0667,Mateo Aguiar,MED,18-03-2007,Defensa Y Justicia,,,,,,,,,,,,,,,,,,,,,
J0668,Ramiro Gagliardi,MED,14-08-2006,Defensa Y Justicia,,,,,,,,,,,,,,,,,,,,,
J0669,David Martinez,DEF,21-01-1998,Defensa Y Justicia,,,,,,,,,,,,,,,,,,,,,
J0670,Damian Fernandez,DEF,02-01-2002,Defensa Y Justicia,,,,,,,,,,,,,,,,,,,,,
J0671,Fernando Roman,DEF,20-11-1998,Defensa Y Justicia,,,,,,,,,,,,,,,,,,,,,
J0672,Ezequiel Burdin,DEF,16-10-2004,Defensa Y Justicia,,,,,,,,,,,,,,,,,,,,,
J0673,Ayrton Portillo,DEF,18-08-2000,Defensa Y Justicia,,,,,,,,,,,,,,,,,,,,,
J0674,Lucas Souto,DEF,11-10-1998,Defensa Y Justicia,,,,,,,,,,,,,,,,,,,,,
J0675,Damian Dominguez,DEF,14-01-2006,Defensa Y Justicia,,,,,,,,,,,,,,,,,,,,,
J0676,Samuel Lucero,DEF,29-07-2005,Defensa Y Justicia,,,,,,,,,,,,,,,,,,,,,
J0677,Nazareno Roselli,DEF,09-08-2006,Defensa Y Justicia,,,,,,,,,,,,,,,,,,,,,
J0678,Mateo Lopez,DEF,08-12-2007,Defensa Y Justicia,,,,,,,,,,,,,,,,,,,,,
J0679,Maximo Rodriguez,DEF,05-02-2005,Defensa Y Justicia,,,,,,,,,,,,,,,,,,,,,
J0680,Matias Borgogno,ARQ,21-08-1998,Defensa Y Justicia,,,,,,,,,,,,,,,,,,,,,
J0681,Lautaro Amade,ARQ,21-12-1999,Defensa Y Justicia,,,,,,,,,,,,,,,,,,,,,
J0682,Matias Vargas,DEL,08-05-1997,Gimnasia de Mendoza,,,,,,,,,,,,,,,,,,,,,
J0683,Agustin Modica,DEL,12-01-2003,Gimnasia de Mendoza,,,,,,,,,,,,,,,,,,,,,
J0684,Valentino Simoni,DEL,30-04-2004,Gimnasia de Mendoza,,,,,,,,,,,,,,,,,,,,,
J0685,Blas Armoa,DEL,03-02-2000,Gimnasia de Mendoza,,,,,,,,,,,,,,,,,,,,,
J0686,Santiago Rodriguez,DEL,23-08-1997,Gimnasia de Mendoza,,,,,,,,,,,,,,,,,,,,,
J0687,Ignacio Sabatini,DEL,21-06-1999,Gimnasia de Mendoza,,,,,,,,,,,,,,,,,,,,,
J0688,Luciano Cingolani,DEL,04-06-2001,Gimnasia de Mendoza,,,,,,,,,,,,,,,,,,,,,
J0689,Facundo Lencioni,DEL,14-02-2001,Gimnasia de Mendoza,,,,,,,,,,,,,,,,,,,,,
J0690,Julian Ceballos,MED,13-09-2004,Gimnasia de Mendoza,,,,,,,,,,,,,,,,,,,,,
J0691,Ulises Sanchez,MED,26-06-1998,Gimnasia de Mendoza,,,,,,,,,,,,,,,,,,,,,
J0692,Tomas Oconnor,MED,25-03-2004,Gimnasia de Mendoza,,,,,,,,,,,,,,,,,,,,,
J0693,Esteban Fernandez,MED,06-01-2002,Gimnasia de Mendoza,,,,,,,,,,,,,,,,,,,,,
J0694,Fermin Antonini,MED,02-07-1997,Gimnasia de Mendoza,,,,,,,,,,,,,,,,,,,,,
J0695,Brian Andrada,MED,22-06-1997,Gimnasia de Mendoza,,,,,,,,,,,,,,,,,,,,,
J0696,Tomas Ortiz,MED,10-03-2000,Gimnasia de Mendoza,,,,,,,,,,,,,,,,,,,,,
J0697,Nicolas Romano,MED,05-11-1999,Gimnasia de Mendoza,,,,,,,,,,,,,,,,,,,,,
J0698,Nahuel Barboza,MED,16-09-1999,Gimnasia de Mendoza,,,,,,,,,,,,,,,,,,,,,
J0699,Juan Jose Franco,DEF,10-02-1993,Gimnasia de Mendoza,,,,,,,,,,,,,,,,,,,,,
J0700,Luciano Paredes,DEF,09-09-2002,Gimnasia de Mendoza,,,,,,,,,,,,,,,,,,,,,
J0701,Ezequiel Muñoz,DEF,08-10-1990,Gimnasia de Mendoza,,,,,,,,,,,,,,,,,,,,,
J0702,Franco Saavedra,DEF,02-09-2003,Gimnasia de Mendoza,,,,,,,,,,,,,,,,,,,,,
J0703,German Guiffrey,DEF,31-12-1997,Gimnasia de Mendoza,,,,,,,,,,,,,,,,,,,,,
J0704,Imanol Gonzalez,DEF,06-01-1998,Gimnasia de Mendoza,,,,,,,,,,,,,,,,,,,,,
J0705,Lautaro Carrera,DEF,30-05-2003,Gimnasia de Mendoza,,,,,,,,,,,,,,,,,,,,,
J0706,Ismael Cortez,DEF,26-06-2000,Gimnasia de Mendoza,,,,,,,,,,,,,,,,,,,,,
J0707,Matias Recalde,DEF,09-07-1997,Gimnasia de Mendoza,,,,,,,,,,,,,,,,,,,,,
J0708,Diego Mondino,DEF,14-11-1994,Gimnasia de Mendoza,,,,,,,,,,,,,,,,,,,,,
J0709,Geronimo Patritti,DEF,14-01-2003,Gimnasia de Mendoza,,,,,,,,,,,,,,,,,,,,,
J0710,Cesar Rigamonti,ARQ,07-04-1987,Gimnasia de Mendoza,,,,,,,,,,,,,,,,,,,,,
J0711,Lautaro Petruchi,ARQ,01-09-1998,Gimnasia de Mendoza,,,,,,,,,,,,,,,,,,,,,
J0712,Junior Marabel,DEL,26-03-1998,Sarmiento,,,,,,,,,,,,,,,,,,,,,
J0713,Diego Churin,DEL,01-12-1989,Sarmiento,,,,,,,,,,,,,,,,,,,,,
J0714,Jonathan Herrera,DEL,16-09-1991,Sarmiento,,,,,,,,,,,,,,,,,,,,,
J0715,Pablo Magnin,DEL,25-04-1990,Sarmiento,,,,,,,,,,,,,,,,,,,,,
J0716,Brandon Marquez,DEL,22-02-2005,Sarmiento,,,,,,,,,,,,,,,,,,,,,
J0717,Jhon Renteria,MED,24-10-2005,Sarmiento,,,,,,,,,,,,,,,,,,,,,
J0718,Elian Gimenez,MED,23-03-2004,Sarmiento,,,,,,,,,,,,,,,,,,,,,
J0719,Carlos Villalba,MED,19-07-1998,Sarmiento,,,,,,,,,,,,,,,,,,,,,
J0720,Santiago Salle,MED,04-06-2004,Sarmiento,,,,,,,,,,,,,,,,,,,,,
J0721,Gaston Gonzalez,DEL,27-06-2001,Sarmiento,,,,,,,,,,,,,,,,,,,,,
J0722,Julian Mavilla,DEL,27-04-2000,Sarmiento,,,,,,,,,,,,,,,,,,,,,
J0723,Osmar Gimenez,MED,25-03-2007,Sarmiento,,,,,,,,,,,,,,,,,,,,,
J0724,Mauricio Martinez,MED,20-02-1993,Sarmiento,,,,,,,,,,,,,,,,,,,,,
J0725,Agustin Nadruz,MED,29-06-1996,Sarmiento,,,,,,,,,,,,,,,,,,,,,
J0726,Cristian Zabala,MED,01-01-1999,Sarmiento,,,,,,,,,,,,,,,,,,,,,
J0727,Julian Contrera,MED,10-05-2003,Sarmiento,,,,,,,,,,,,,,,,,,,,,
J0728,Manuel Garcia,MED,11-06-1999,Sarmiento,,,,,,,,,,,,,,,,,,,,,
J0729,Yair Arismendi,MED,05-04-1998,Sarmiento,,,,,,,,,,,,,,,,,,,,,
J0730,Facundo Alaggia,MED,01-06-2005,Sarmiento,,,,,,,,,,,,,,,,,,,,,
J0731,Ulises Gimenez,DEF,01-01-2006,Sarmiento,,,,,,,,,,,,,,,,,,,,,
J0732,Lucas Suarez,DEF,17-03-1995,Sarmiento,,,,,,,,,,,,,,,,,,,,,
J0733,Thiago Santamaria,DEF,04-04-2003,Sarmiento,,,,,,,,,,,,,,,,,,,,,
J0734,Renzo Orihuela,DEF,04-04-2001,Sarmiento,,,,,,,,,,,,,,,,,,,,,
J0735,Juan Manuel Insaurralde,DEF,03-10-1984,Sarmiento,,,,,,,,,,,,,,,,,,,,,
J0736,Nicolas Pasquini,DEF,02-01-1991,Sarmiento,,,,,,,,,,,,,,,,,,,,,
J0737,Gabriel Diaz,DEF,19-04-2000,Sarmiento,,,,,,,,,,,,,,,,,,,,,
J0738,Joel Godoy ,DEF,20-02-2005,Sarmiento,,,,,,,,,,,,,,,,,,,,,
J0739,Agustin Seyral,DEF,01-02-2005,Sarmiento,,,,,,,,,,,,,,,,,,,,,
J0740,Juan Manuel Cabrera,DEF,10-03-2000,Sarmiento,,,,,,,,,,,,,,,,,,,,,
J0741,Jeremias Vallejos,DEF,14-03-2003,Sarmiento,,,,,,,,,,,,,,,,,,,,,
J0742,Gaston Arturia,DEF,29-10-1999,Sarmiento,,,,,,,,,,,,,,,,,,,,,
J0743,Ulisses Echevarria,DEF,14-02-2004,Sarmiento,,,,,,,,,,,,,,,,,,,,,
J0744,Ivan Arboleda,ARQ,21-04-1996,Sarmiento,,,,,,,,,,,,,,,,,,,,,
J0745,Thyago Ayala,ARQ,07-09-2001,Sarmiento,,,,,,,,,,,,,,,,,,,,,
J0746,Juan Ignacio Ramirez,DEL,01-02-1997,Newells,,,,,,,,,,,,,,,,,,,,,
J0747,Santiago Solari,DEL,19-01-1998,Newells,,,,,,,,,,,,,,,,,,,,,
J0748,Matias Coccaro,DEL,15-11-1997,Newells,,,,,,,,,,,,,,,,,,,,,
J0749,Walter Nuñez,DEL,13-02-2003,Newells,,,,,,,,,,,,,,,,,,,,,
J0750,Francisco Scarpeccio,DEL,22-01-2006,Newells,,,,,,,,,,,,,,,,,,,,,
J0751,Lautaro Rios,DEL,22-09-2006,Newells,,,,,,,,,,,,,,,,,,,,,
J0752,Valentino Acuña,MED,27-01-2006,Newells,,,,,,,,,,,,,,,,,,,,,
J0753,Jeronimo Gomez Mattar,MED,05-08-2008,Newells,,,,,,,,,,,,,,,,,,,,,
J0754,Facundo Guch,DEL,20-01-2007,Newells,,,,,,,,,,,,,,,,,,,,,
J0755,Mateo Garcia,DEL,10-09-1996,Newells,,,,,,,,,,,,,,,,,,,,,
J0756,Luca Regiardo,MED,23-10-2006,Newells,,,,,,,,,,,,,,,,,,,,,
J0757,Walter Mazzantti,DEL,05-09-1996,Newells,,,,,,,,,,,,,,,,,,,,,
J0758,Alan Soñora,MED,03-08-1998,Newells,,,,,,,,,,,,,,,,,,,,,
J0759,Lucas Gomez,MED,17-06-2004,Newells,,,,,,,,,,,,,,,,,,,,,
J0760,Rodrigo Herrera,MED,02-08-2000,Newells,,,,,,,,,,,,,,,,,,,,,
J0761,David Sotelo,MED,30-07-2003,Newells,,,,,,,,,,,,,,,,,,,,,
J0762,Marcelo Esponda,MED,14-01-2003,Newells,,,,,,,,,,,,,,,,,,,,,
J0763,Fabricio Tirado ,MED,18-09-2004,Newells,,,,,,,,,,,,,,,,,,,,,
J0764,Lautaro Giannetti,DEF,13-11-1993,Newells,,,,,,,,,,,,,,,,,,,,,
J0765,Ian Glavinovich,DEF,27-10-2001,Newells,,,,,,,,,,,,,,,,,,,,,
J0766,Saul Salcedo,DEF,29-08-1997,Newells,,,,,,,,,,,,,,,,,,,,,
J0767,Franco Escobar,DEF,21-02-1995,Newells,,,,,,,,,,,,,,,,,,,,,
J0768,Oscar Salomon,DEF,22-03-1999,Newells,,,,,,,,,,,,,,,,,,,,,
J0769,Jeronimo Russo,DEF,30-05-2005,Newells,,,,,,,,,,,,,,,,,,,,,
J0770,Martin Luciano ,DEF,08-12-2003,Newells,,,,,,,,,,,,,,,,,,,,,
J0771,Martin Ortega,DEF,20-08-1999,Newells,,,,,,,,,,,,,,,,,,,,,
J0772,Bruno Cabrera,DEF,28-04-1997,Newells,,,,,,,,,,,,,,,,,,,,,
J0773,Lucas Carrizo,DEF,19-05-1997,Newells,,,,,,,,,,,,,,,,,,,,,
J0774,Alejo Montero,DEF,05-05-1998,Newells,,,,,,,,,,,,,,,,,,,,,
J0775,Nicolas Goitea,DEF,11-06-1997,Newells,,,,,,,,,,,,,,,,,,,,,
J0776,Gabriel Arias,ARQ,13-09-1987,Newells,,,,,,,,,,,,,,,,,,,,,
J0777,Josue Reinatti,ARQ,03-07-2003,Newells,,,,,,,,,,,,,,,,,,,,,
J0778,Norberto Briasco,DEL,29-02-1996,Barracas Central,,,,,,,,,,,,,,,,,,,,,
J0779,Gonzalo Morales,DEL,03-03-2003,Barracas Central,,,,,,,,,,,,,,,,,,,,,
J0780,Facundo Bruera,DEL,23-09-1998,Barracas Central,,,,,,,,,,,,,,,,,,,,,
J0781,Nicolas Orsini,DEL,12-09-1994,Barracas Central,,,,,,,,,,,,,,,,,,,,,
J0782,Wilfredo Rivera,DEL,14-10-2003,Barracas Central,,,,,,,,,,,,,,,,,,,,,
J0783,Jhonatan Candia,DEL,15-03-1995,Barracas Central,,,,,,,,,,,,,,,,,,,,,
J0784,Enzo Taborda,DEL,20-05-2005,Barracas Central,,,,,,,,,,,,,,,,,,,,,
J0785,Lucas Gamba,DEL,24-06-1987,Barracas Central,,,,,,,,,,,,,,,,,,,,,
J0786,Juan Ignacio Barbieri,DEL,17-09-1996,Barracas Central,,,,,,,,,,,,,,,,,,,,,
J0787,Gonzalo Maroni,MED,18-03-1999,Barracas Central,,,,,,,,,,,,,,,,,,,,,
J0788,Esteban Rolon,MED,25-03-1995,Barracas Central,,,,,,,,,,,,,,,,,,,,,
J0789,Tomas Porra,MED,09-01-2004,Barracas Central,,,,,,,,,,,,,,,,,,,,,
J0790,Ivan Tapia,MED,23-11-1998,Barracas Central,,,,,,,,,,,,,,,,,,,,,
J0791,Rodrigo Bogarin,MED,24-05-1997,Barracas Central,,,,,,,,,,,,,,,,,,,,,
J0792,Yeison Gordillo,MED,25-06-1992,Barracas Central,,,,,,,,,,,,,,,,,,,,,
J0793,Manuel Duarte,MED,23-08-2001,Barracas Central,,,,,,,,,,,,,,,,,,,,,
J0794,Tomas Lavezzi,MED,01-01-2006,Barracas Central,,,,,,,,,,,,,,,,,,,,,
J0795,Ivan Guaraz,MED,11-03-2005,Barracas Central,,,,,,,,,,,,,,,,,,,,,
J0796,Dardo Miloc,MED,16-01-1990,Barracas Central,,,,,,,,,,,,,,,,,,,,,
J0797,Maximiliano Puig,MED,18-09-2000,Barracas Central,,,,,,,,,,,,,,,,,,,,,
J0798,Carlos Arce,MED,16-09-1990,Barracas Central,,,,,,,,,,,,,,,,,,,,,
J0799,Kevin Jappert,DEF,25-02-2004,Barracas Central,,,,,,,,,,,,,,,,,,,,,
J0800,Gaston Campi,DEF,06-04-1991,Barracas Central,,,,,,,,,,,,,,,,,,,,,
J0801,Rodrigo Insua,DEF,16-12-1997,Barracas Central,,,,,,,,,,,,,,,,,,,,,
J0802,Yonatthan Rak,DEF,18-08-1993,Barracas Central,,,,,,,,,,,,,,,,,,,,,
J0803,Damian Martinez,DEF,31-01-1990,Barracas Central,,,,,,,,,,,,,,,,,,,,,
J0804,Fernando Tobio,DEF,18-10-1989,Barracas Central,,,,,,,,,,,,,,,,,,,,,
J0805,Nicolas Demartini,DEF,04-11-1999,Barracas Central,,,,,,,,,,,,,,,,,,,,,
J0806,Elias Pereyra,DEF,15-02-1999,Barracas Central,,,,,,,,,,,,,,,,,,,,,
J0807,Nicolas Capraro,DEF,03-03-1998,Barracas Central,,,,,,,,,,,,,,,,,,,,,
J0808,Rafael Barrios,DEF,23-05-1993,Barracas Central,,,,,,,,,,,,,,,,,,,,,
J0809,Juan Angel Espinola,ARQ,02-11-1994,Barracas Central,,,,,,,,,,,,,,,,,,,,,
J0810,Marcelo Miño,ARQ,21-08-1997,Barracas Central,,,,,,,,,,,,,,,,,,,,,
J0811,Michael Santos,DEL,13-03-1993,Central Cordoba SdE,,,,,,,,,,,,,,,,,,,,,
J0812,Leonardo Sequeira,DEL,26-04-1995,Central Cordoba SdE,,,,,,,,,,,,,,,,,,,,,
J0813,Diego Barrera,DEL,22-06-2004,Central Cordoba SdE,,,,,,,,,,,,,,,,,,,,,
J0814,Lucas Varaldo,DEL,24-02-2002,Central Cordoba SdE,,,,,,,,,,,,,,,,,,,,,
J0815,Ezequiel Naya,DEL,11-08-2001,Central Cordoba SdE,,,,,,,,,,,,,,,,,,,,,
J0816,Joaquin Flores,DEL,28-05-2005,Central Cordoba SdE,,,,,,,,,,,,,,,,,,,,,
J0817,Alan Laprida,DEL,30-09-2004,Central Cordoba SdE,,,,,,,,,,,,,,,,,,,,,
J0818,Martin Cuitiño,DEL,19-05-2005,Central Cordoba SdE,,,,,,,,,,,,,,,,,,,,,
J0819,Lucas Gonzalez,MED,03-06-2000,Central Cordoba SdE,,,,,,,,,,,,,,,,,,,,,
J0820,Juan Cardozo,MED,24-02-2004,Central Cordoba SdE,,,,,,,,,,,,,,,,,,,,,
J0821,Marco Iacobellis,MED,27-12-1999,Central Cordoba SdE,,,,,,,,,,,,,,,,,,,,,
J0822,Matias Vera,MED,26-10-1995,Central Cordoba SdE,,,,,,,,,,,,,,,,,,,,,
J0823,Horacio Tijanovich,MED,28-02-1996,Central Cordoba SdE,,,,,,,,,,,,,,,,,,,,,
J0824,Tiago Cravero,MED,03-10-2002,Central Cordoba SdE,,,,,,,,,,,,,,,,,,,,,
J0825,Fernando Juarez,MED,23-08-1998,Central Cordoba SdE,,,,,,,,,,,,,,,,,,,,,
J0826,Felipe Aguilar,DEF,20-01-1993,Central Cordoba SdE,,,,,,,,,,,,,,,,,,,,,
J0827,Alejandro Maciel,DEF,22-04-1997,Central Cordoba SdE,,,,,,,,,,,,,,,,,,,,,
J0828,Dario Caceres,DEF,16-01-1998,Central Cordoba SdE,,,,,,,,,,,,,,,,,,,,,
J0829,Facundo Mansilla,DEF,27-02-1999,Central Cordoba SdE,,,,,,,,,,,,,,,,,,,,,
J0830,Santiago Moyano,DEF,23-09-1997,Central Cordoba SdE,,,,,,,,,,,,,,,,,,,,,
J0831,Yuri Casermeiro,DEF,12-03-2002,Central Cordoba SdE,,,,,,,,,,,,,,,,,,,,,
J0832,Juan Pablo Pignani,DEF,02-07-2001,Central Cordoba SdE,,,,,,,,,,,,,,,,,,,,,
J0833,Fernando Martinez,DEF,27-07-2000,Central Cordoba SdE,,,,,,,,,,,,,,,,,,,,,
J0834,Leonardo Marchi,DEF,17-09-1996,Central Cordoba SdE,,,,,,,,,,,,,,,,,,,,,
J0835,Lucas Bernabeu,DEF,07-01-2004,Central Cordoba SdE,,,,,,,,,,,,,,,,,,,,,
J0836,Jose Gomez,DEF,06-03-2000,Central Cordoba SdE,,,,,,,,,,,,,,,,,,,,,
J0837,Nicolas Garrido,DEF,28-07-2005,Central Cordoba SdE,,,,,,,,,,,,,,,,,,,,,
J0838,Alan Aguerre,ARQ,23-08-1990,Central Cordoba SdE,,,,,,,,,,,,,,,,,,,,,
J0839,Javier Vallejos,ARQ,03-01-2003,Central Cordoba SdE,,,,,,,,,,,,,,,,,,,,,
J0840,Maximo Alvarez,ARQ,29-03-2005,Central Cordoba SdE,,,,,,,,,,,,,,,,,,,,,
J0841,Adrian Balboa,DEL,19-01-1994,Banfield,,,,,,,,,,,,,,,,,,,,,
J0842,Lisandro Piñero,DEL,15-07-2007,Banfield,,,,,,,,,,,,,,,,,,,,,
J0843,Matias Hernandez,DEL,06-01-2005,Banfield,,,,,,,,,,,,,,,,,,,,,
J0844,Federico Anselmo,DEL,17-04-1994,Banfield,,,,,,,,,,,,,,,,,,,,,
J0845,Isaias Gutierrez,DEL,04-01-2009,Banfield,,,,,,,,,,,,,,,,,,,,,
J0846,Neyder Moreno,DEL,09-02-1997,Banfield,,,,,,,,,,,,,,,,,,,,,
J0847,Thomas Rodriguez,DEL,04-05-1996,Banfield,,,,,,,,,,,,,,,,,,,,,
J0848,Tomas Adoryan,MED,22-09-2001,Banfield,,,,,,,,,,,,,,,,,,,,,
J0849,Alexander Machado,DEL,28-05-2002,Banfield,,,,,,,,,,,,,,,,,,,,,
J0850,David Zalazar,MED,09-05-2002,Banfield,,,,,,,,,,,,,,,,,,,,,
J0851,Lautaro Gomez,MED,08-08-2003,Banfield,,,,,,,,,,,,,,,,,,,,,
J0852,Favio Alvarez,MED,23-01-1993,Banfield,,,,,,,,,,,,,,,,,,,,,
J0853,Lautaro Rios,MED,09-10-2000,Banfield,,,,,,,,,,,,,,,,,,,,,
J0854,Ignacio Pais Mayan,MED,30-05-2000,Banfield,,,,,,,,,,,,,,,,,,,,,
J0855,Santiago Esquivel,MED,02-01-2004,Banfield,,,,,,,,,,,,,,,,,,,,,
J0856,Federico Medina,MED,16-02-2004,Banfield,,,,,,,,,,,,,,,,,,,,,
J0857,Lautaro Villegas,MED,29-12-2003,Banfield,,,,,,,,,,,,,,,,,,,,,
J0858,Lucas Palavecino,MED,18-10-2003,Banfield,,,,,,,,,,,,,,,,,,,,,
J0859,Manuel Arteaga,MED,26-02-1999,Banfield,,,,,,,,,,,,,,,,,,,,,
J0860,Ignacio Abraham,DEF,12-01-1998,Banfield,,,,,,,,,,,,,,,,,,,,,
J0861,Renzo Malanca,DEF,06-05-2003,Banfield,,,,,,,,,,,,,,,,,,,,,
J0862,Nehuen Paz,DEF,28-01-1993,Banfield,,,,,,,,,,,,,,,,,,,,,
J0863,Nicolas Meriano,DEF,09-11-2000,Banfield,,,,,,,,,,,,,,,,,,,,,
J0864,Lautaro Cano,DEF,22-08-2002,Banfield,,,,,,,,,,,,,,,,,,,,,
J0865,Santiago Lopez Garcia,DEF,04-12-1997,Banfield,,,,,,,,,,,,,,,,,,,,,
J0866,Santiago Daniele,DEF,22-11-2005,Banfield,,,,,,,,,,,,,,,,,,,,,
J0867,Brandon Oviedo,DEF,25-01-2005,Banfield,,,,,,,,,,,,,,,,,,,,,
J0868,Juan Luis Alfaro,DEF,16-10-1999,Banfield,,,,,,,,,,,,,,,,,,,,,
J0869,Juan Iribarren,DEF,22-01-2003,Banfield,,,,,,,,,,,,,,,,,,,,,
J0870,Marcos Lopez,DEF,13-10-2006,Banfield,,,,,,,,,,,,,,,,,,,,,
J0871,Gino Santilli,ARQ,26-10-2001,Banfield,,,,,,,,,,,,,,,,,,,,,
J0872,Diego Rodriguez,ARQ,25-06-1989,Banfield,,,,,,,,,,,,,,,,,,,,,
J0873,Joaquin Molina,ARQ,07-06-2004,Banfield,,,,,,,,,,,,,,,,,,,,,
J0874,Andres Vombergar,DEL,20-11-1994,Aldosivi,,,,,,,,,,,,,,,,,,,,,
J0875,Juan Bautista Dadin,DEL,20-05-2006,Aldosivi,,,,,,,,,,,,,,,,,,,,,
J0876,Andres Chavez,DEL,20-03-1991,Aldosivi,,,,,,,,,,,,,,,,,,,,,
J0877,Nicolas Cordero,DEL,11-04-1999,Aldosivi,,,,,,,,,,,,,,,,,,,,,
J0878,Felipe Anso,DEL,08-03-2007,Aldosivi,,,,,,,,,,,,,,,,,,,,,
J0879,Nicolas Gaitan,DEL,23-02-1988,Aldosivi,,,,,,,,,,,,,,,,,,,,,
J0880,Matias Godoy,DEL,10-01-2002,Aldosivi,,,,,,,,,,,,,,,,,,,,,
J0881,Tomas Fernandez,DEL,08-08-2002,Aldosivi,,,,,,,,,,,,,,,,,,,,,
J0882,Lucas Castro,MED,09-04-1989,Aldosivi,,,,,,,,,,,,,,,,,,,,,
J0883,Francisco Perruzzi,MED,09-02-2001,Aldosivi,,,,,,,,,,,,,,,,,,,,,
J0884,Federico Gino,MED,26-02-1993,Aldosivi,,,,,,,,,,,,,,,,,,,,,
J0885,Alan Sosa,MED,05-05-2003,Aldosivi,,,,,,,,,,,,,,,,,,,,,
J0886,Nicolas Linares,MED,06-03-1996,Aldosivi,,,,,,,,,,,,,,,,,,,,,
J0887,Blas Agustin Palavecino,MED,09-03-2003,Aldosivi,,,,,,,,,,,,,,,,,,,,,
J0888,Martin Garcia,MED,06-08-2005,Aldosivi,,,,,,,,,,,,,,,,,,,,,
J0889,Roberto Bochi,MED,06-07-1987,Aldosivi,,,,,,,,,,,,,,,,,,,,,
J0890,Nathanael Guzman,MED,11-08-1999,Aldosivi,,,,,,,,,,,,,,,,,,,,,
J0891,Lautaro Chavez,MED,17-01-2001,Aldosivi,,,,,,,,,,,,,,,,,,,,,
J0892,Pablo Argoytia,MED,01-01-2007,Aldosivi,,,,,,,,,,,,,,,,,,,,,
J0893,Mateo Lambardi,MED,01-01-2006,Aldosivi,,,,,,,,,,,,,,,,,,,,,
J0894,Braian Cufre,DEF,15-12-1996,Aldosivi,,,,,,,,,,,,,,,,,,,,,
J0895,Leonardo Sigali,DEF,29-05-1987,Aldosivi,,,,,,,,,,,,,,,,,,,,,
J0896,Nicolas Zalazar,DEF,29-01-1997,Aldosivi,,,,,,,,,,,,,,,,,,,,,
J0897,Elias Lopez,DEF,08-07-2000,Aldosivi,,,,,,,,,,,,,,,,,,,,,
J0898,Joaquin Pombo,DEF,18-03-2001,Aldosivi,,,,,,,,,,,,,,,,,,,,,
J0899,Santiago Moya,DEF,13-06-2003,Aldosivi,,,,,,,,,,,,,,,,,,,,,
J0900,Rodrigo Gonzalez,DEF,14-04-2000,Aldosivi,,,,,,,,,,,,,,,,,,,,,
J0901,Lucas Rodriguez,DEF,27-09-1993,Aldosivi,,,,,,,,,,,,,,,,,,,,,
J0902,Nestor Breitenbruch,DEF,13-09-1995,Aldosivi,,,,,,,,,,,,,,,,,,,,,
J0903,Federico Laurelli,DEF,10-07-2004,Aldosivi,,,,,,,,,,,,,,,,,,,,,
J0904,Mateo Vales,DEF,05-01-2007,Aldosivi,,,,,,,,,,,,,,,,,,,,,
J0905,Lucas Acosta,ARQ,12-03-1995,Aldosivi,,,,,,,,,,,,,,,,,,,,,
J0906,Ignacio Chicco,ARQ,30-06-1996,Aldosivi,,,,,,,,,,,,,,,,,,,,,
J0907,Sebastian Moyano,ARQ,26-08-1990,Aldosivi,,,,,,,,,,,,,,,,,,,,,
J0908,Ramon Abila,DEL,14-10-1989,Estudiantes RC,,,,,,,,,,,,,,,,,,,,,
J0909,Mateo Bajamich,DEL,03-08-1999,Estudiantes RC,,,,,,,,,,,,,,,,,,,,,
J0910,Yeison Moreno,DEL,07-04-1997,Estudiantes RC,,,,,,,,,,,,,,,,,,,,,
J0911,Javier Ferreira,DEL,15-02-1992,Estudiantes RC,,,,,,,,,,,,,,,,,,,,,
J0912,Martin Garnerone,DEL,28-09-1998,Estudiantes RC,,,,,,,,,,,,,,,,,,,,,
J0913,Lucas Gonzalez,DEL,27-07-1997,Estudiantes RC,,,,,,,,,,,,,,,,,,,,,
J0914,Mauro Molina,DEL,29-07-1999,Estudiantes RC,,,,,,,,,,,,,,,,,,,,,
J0915,Ibrahim Hesar,DEL,15-11-1993,Estudiantes RC,,,,,,,,,,,,,,,,,,,,,
J0916,Francesco Lo Celso,MED,05-03-2000,Estudiantes RC,,,,,,,,,,,,,,,,,,,,,
J0917,Siro Rosane,MED,07-06-2000,Estudiantes RC,,,,,,,,,,,,,,,,,,,,,
J0918,Gabriel Alanis,DEL,16-03-1994,Estudiantes RC,,,,,,,,,,,,,,,,,,,,,
J0919,Alejandro Cabrera,MED,30-09-1992,Estudiantes RC,,,,,,,,,,,,,,,,,,,,,
J0920,Mauro Valiente,DEL,26-01-2000,Estudiantes RC,,,,,,,,,,,,,,,,,,,,,
J0921,Tomas Gonzalez,MED,01-11-1998,Estudiantes RC,,,,,,,,,,,,,,,,,,,,,
J0922,Juan Garro,DEL,24-11-1992,Estudiantes RC,,,,,,,,,,,,,,,,,,,,,
J0923,Francisco Romero,MED,08-03-1999,Estudiantes RC,,,,,,,,,,,,,,,,,,,,,
J0924,Nicolas Talpone,MED,09-04-1996,Estudiantes RC,,,,,,,,,,,,,,,,,,,,,
J0925,Valentin Fenoglio,MED,26-09-2003,Estudiantes RC,,,,,,,,,,,,,,,,,,,,,
J0926,Agustin Quiroga,DEF,06-04-2002,Estudiantes RC,,,,,,,,,,,,,,,,,,,,,
J0927,Raul Lozano,DEF,02-09-1997,Estudiantes RC,,,,,,,,,,,,,,,,,,,,,
J0928,Lucas Baños,DEF,05-08-2005,Estudiantes RC,,,,,,,,,,,,,,,,,,,,,
J0929,Matias Valenti,DEF,03-09-2002,Estudiantes RC,,,,,,,,,,,,,,,,,,,,,
J0930,Matias Ruiz Diaz,DEF,09-09-1996,Estudiantes RC,,,,,,,,,,,,,,,,,,,,,
J0931,Gonzalo Maffini,DEF,17-01-1993,Estudiantes RC,,,,,,,,,,,,,,,,,,,,,
J0932,Sergio Ojeda,DEF,04-01-1992,Estudiantes RC,,,,,,,,,,,,,,,,,,,,,
J0933,Gonzalo Gonzalez,DEF,15-04-2003,Estudiantes RC,,,,,,,,,,,,,,,,,,,,,
J0934,Facundo Cobos,DEF,19-02-1993,Estudiantes RC,,,,,,,,,,,,,,,,,,,,,
J0935,Juan Antonini,DEF,04-03-1999,Estudiantes RC,,,,,,,,,,,,,,,,,,,,,
J0936,Fernando Rodriguez,DEF,05-10-2000,Estudiantes RC,,,,,,,,,,,,,,,,,,,,,
J0937,Lucas Bruera,ARQ,19-10-1997,Estudiantes RC,,,,,,,,,,,,,,,,,,,,,
J0938,Agustin Lastra,ARQ,02-01-2001,Estudiantes RC,,,,,,,,,,,,,,,,,,,,,
J0939,Francisco Gualtieri,ARQ,17-03-2003,Estudiantes RC,,,,,,,,,,,,,,,,,,,,,
J0940,Leandro Garate,DEL,01-09-1993,Colon,,,,,,,,,,,,,,,,,,,,,
J0941,Alan Bonansea,DEL,06-05-1996,Colon,,,,,,,,,,,,,,,,,,,,,
J0942,Franco Garcia,DEL,04-06-1997,Colon,,,,,,,,,,,,,,,,,,,,,
J0943,Matias Cordoba,DEL,10-04-2007,Colon,,,,,,,,,,,,,,,,,,,,,
J0944,Jeronimo Buosi,DEL,26-02-2007,Colon,,,,,,,,,,,,,,,,,,,,,
J0945,Dario Sarmiento,DEL,29-03-2003,Colon,,,,,,,,,,,,,,,,,,,,,
J0946,Ignacio Lago,DEL,05-08-2002,Colon,,,,,,,,,,,,,,,,,,,,,
J0947,Federico Lertora,MED,01-07-1990,Colon,,,,,,,,,,,,,,,,,,,,,
J0948,Julian Marcioni,DEL,03-06-1998,Colon,,,,,,,,,,,,,,,,,,,,,
J0949,Emanuel Beltran,MED,23-01-1998,Colon,,,,,,,,,,,,,,,,,,,,,
J0950,Agustin Toledo,MED,01-03-2000,Colon,,,,,,,,,,,,,,,,,,,,,
J0951,Matias Muñoz,MED,22-03-1996,Colon,,,,,,,,,,,,,,,,,,,,,
J0952,Ignacio Antonio,MED,04-01-1995,Colon,,,,,,,,,,,,,,,,,,,,,
J0953,Sebastian Olmedo,DEF,21-06-2001,Colon,,,,,,,,,,,,,,,,,,,,,
J0954,Gabriel Risso Patron,DEF,05-11-1995,Colon,,,,,,,,,,,,,,,,,,,,,
J0955,Federico Rasmussen,DEF,04-03-1992,Colon,,,,,,,,,,,,,,,,,,,,,
J0956,Pier Barrios,DEF,01-07-1990,Colon,,,,,,,,,,,,,,,,,,,,,
J0957,Nicolas Thaller,DEF,07-09-1998,Colon,,,,,,,,,,,,,,,,,,,,,
J0958,Mauro Peinipil,DEF,03-04-1999,Colon,,,,,,,,,,,,,,,,,,,,,
J0959,Facundo Castet,DEF,11-09-1998,Colon,,,,,,,,,,,,,,,,,,,,,
J0960,Zahir Ibarra,DEF,18-07-2006,Colon,,,,,,,,,,,,,,,,,,,,,
J0961,Conrado Ibarra,DEF,27-10-2003,Colon,,,,,,,,,,,,,,,,,,,,,
J0962,Lucas Picech,DEF,16-05-2003,Colon,,,,,,,,,,,,,,,,,,,,,
J0963,Matias Budiño,ARQ,03-07-1995,Colon,,,,,,,,,,,,,,,,,,,,,
J0964,Tomas Gimenez,ARQ,29-10-1998,Colon,,,,,,,,,,,,,,,,,,,,,
J0965,Tomas Paredes,ARQ,14-01-2004,Colon,,,,,,,,,,,,,,,,,,,,,
J0966,Nicolas Reniero,DEL,18-03-1995,Ferro Carril Oeste,,,,,,,,,,,,,,,,,,,,,
J0967,Mateo Benegas,DEL,02-01-2006,Ferro Carril Oeste,,,,,,,,,,,,,,,,,,,,,
J0968,Franco Garcia,DEL,30-05-1998,Ferro Carril Oeste,,,,,,,,,,,,,,,,,,,,,
J0969,Uriel Pepe,DEL,25-03-2009,Ferro Carril Oeste,,,,,,,,,,,,,,,,,,,,,
J0970,Emanuel Dening,DEL,04-07-1988,Ferro Carril Oeste,,,,,,,,,,,,,,,,,,,,,
J0971,Felipe Obradovich,MED,26-12-2006,Ferro Carril Oeste,,,,,,,,,,,,,,,,,,,,,
J0972,Gonzalo Castellani,MED,10-08-1987,Ferro Carril Oeste,,,,,,,,,,,,,,,,,,,,,
J0973,Enzo Hoyos,MED,10-05-2000,Ferro Carril Oeste,,,,,,,,,,,,,,,,,,,,,
J0974,Jonathan Menendez,DEL,05-03-1994,Ferro Carril Oeste,,,,,,,,,,,,,,,,,,,,,
J0975,Angel Gonzalez,DEL,16-05-1994,Ferro Carril Oeste,,,,,,,,,,,,,,,,,,,,,
J0976,Lautaro Parisi,DEL,22-03-1994,Ferro Carril Oeste,,,,,,,,,,,,,,,,,,,,,
J0977,Matias Kabalin,MED,26-10-1998,Ferro Carril Oeste,,,,,,,,,,,,,,,,,,,,,
J0978,Nicolas Gomez,MED,25-02-1996,Ferro Carril Oeste,,,,,,,,,,,,,,,,,,,,,
J0979,Tiago Esidin,MED,01-02-2006,Ferro Carril Oeste,,,,,,,,,,,,,,,,,,,,,
J0980,Martin Campos,MED,06-05-2002,Ferro Carril Oeste,,,,,,,,,,,,,,,,,,,,,
J0981,Sebastian Flores,MED,16-11-2005,Ferro Carril Oeste,,,,,,,,,,,,,,,,,,,,,
J0982,Gino Olguin,MED,13-03-2000,Ferro Carril Oeste,,,,,,,,,,,,,,,,,,,,,
J0983,Laureano Marra,MED,20-03-2003,Ferro Carril Oeste,,,,,,,,,,,,,,,,,,,,,
J0984,Santiago Garcia,MED,03-07-2002,Ferro Carril Oeste,,,,,,,,,,,,,,,,,,,,,
J0985,Gabriel Ayala,MED,29-05-2004,Ferro Carril Oeste,,,,,,,,,,,,,,,,,,,,,
J0986,Francisco Cuzzani,MED,02-04-2006,Ferro Carril Oeste,,,,,,,,,,,,,,,,,,,,,
J0987,Nazareno Kihm,DEF,05-06-2005,Ferro Carril Oeste,,,,,,,,,,,,,,,,,,,,,
J0988,Leandro Peña Biafore,DEF,07-05-2003,Ferro Carril Oeste,,,,,,,,,,,,,,,,,,,,,
J0989,Sebastian Corda,DEF,29-06-1995,Ferro Carril Oeste,,,,,,,,,,,,,,,,,,,,,
J0990,Gustavo Canto,DEF,25-02-1994,Ferro Carril Oeste,,,,,,,,,,,,,,,,,,,,,
J0991,Emiliano Osuna,DEF,09-02-1996,Ferro Carril Oeste,,,,,,,,,,,,,,,,,,,,,
J0992,Juan Orellana,DEF,01-05-1997,Ferro Carril Oeste,,,,,,,,,,,,,,,,,,,,,
J0993,Fernando Torrent,DEF,02-10-1991,Ferro Carril Oeste,,,,,,,,,,,,,,,,,,,,,
J0994,Misael Taron,DEF,05-03-2000,Ferro Carril Oeste,,,,,,,,,,,,,,,,,,,,,
J0995,Federico Tevez,DEF,12-08-1999,Ferro Carril Oeste,,,,,,,,,,,,,,,,,,,,,
J0996,Matias Zubowicz,DEF,18-03-2003,Ferro Carril Oeste,,,,,,,,,,,,,,,,,,,,,
J0997,Fernando Monetti,ARQ,21-02-1989,Ferro Carril Oeste,,,,,,,,,,,,,,,,,,,,,
J0998,Lucas Ruiz,ARQ,22-07-2002,Ferro Carril Oeste,,,,,,,,,,,,,,,,,,,,,
J0999,Juan Cruz Esquivel,DEL,22-08-2000,Deportivo Moron,,,,,,,,,,,,,,,,,,,,,
J1000,Franco Fagundez,DEL,14-12-1998,Deportivo Moron,,,,,,,,,,,,,,,,,,,,,
J1001,Mateo Levato,DEL,20-01-1996,Deportivo Moron,,,,,,,,,,,,,,,,,,,,,
J1002,Matias Benitez,DEL,13-11-2000,Deportivo Moron,,,,,,,,,,,,,,,,,,,,,
J1003,Franco Toloza,DEL,09-05-1994,Deportivo Moron,,,,,,,,,,,,,,,,,,,,,
J1004,Joaquin Zappacosta,DEL,24-01-2004,Deportivo Moron,,,,,,,,,,,,,,,,,,,,,
J1005,Mauro Burruchaga,MED,27-06-1998,Deportivo Moron,,,,,,,,,,,,,,,,,,,,,
J1006,Mariano Bittolo,MED,24-04-1990,Deportivo Moron,,,,,,,,,,,,,,,,,,,,,
J1007,Santiago Kubiszyn,MED,22-09-2002,Deportivo Moron,,,,,,,,,,,,,,,,,,,,,
J1008,Emiliano Franco,MED,21-10-1994,Deportivo Moron,,,,,,,,,,,,,,,,,,,,,
J1009,Gonzalo Berterame,MED,11-07-1996,Deportivo Moron,,,,,,,,,,,,,,,,,,,,,
J1010,Juan Manuel Olivares,MED,14-07-1988,Deportivo Moron,,,,,,,,,,,,,,,,,,,,,
J1011,Gaston Gonzalez,MED,23-02-1988,Deportivo Moron,,,,,,,,,,,,,,,,,,,,,
J1012,Maximiliano Gonzalez,MED,12-03-1994,Deportivo Moron,,,,,,,,,,,,,,,,,,,,,
J1013,Francisco Flores,DEF,11-01-2002,Deportivo Moron,,,,,,,,,,,,,,,,,,,,,
J1014,Braian Salvareschi,DEF,13-04-1999,Deportivo Moron,,,,,,,,,,,,,,,,,,,,,
J1015,Emanuel Iniguez,DEF,16-09-1996,Deportivo Moron,,,,,,,,,,,,,,,,,,,,,
J1016,Leonel Cardozo,DEF,09-01-2004,Deportivo Moron,,,,,,,,,,,,,,,,,,,,,
J1017,Elias Contreras,DEF,07-03-1997,Deportivo Moron,,,,,,,,,,,,,,,,,,,,,
J1018,Ivan Vaquero,DEF,14-04-2003,Deportivo Moron,,,,,,,,,,,,,,,,,,,,,
J1019,Joaquin Livera,DEF,02-09-1999,Deportivo Moron,,,,,,,,,,,,,,,,,,,,,
J1020,Emilio Lazza,DEF,09-07-1994,Deportivo Moron,,,,,,,,,,,,,,,,,,,,,
J1021,Leonel Ramirez,DEF,15-03-2004,Deportivo Moron,,,,,,,,,,,,,,,,,,,,,
J1022,Julio Salva,ARQ,18-05-1987,Deportivo Moron,,,,,,,,,,,,,,,,,,,,,
J1023,Maximo Casalnuovo,ARQ,12-12-2007,Deportivo Moron,,,,,,,,,,,,,,,,,,,,,
J1024,Federico Diaz,ARQ,14-04-1992,Deportivo Moron,,,,,,,,,,,,,,,,,,,,,
J1025,Fabricio Oviedo,DEL,19-02-2004,Godoy Cruz,,,,,,,,,,,,,,,,,,,,,
J1026,Martin Pino,DEL,16-03-1998,Godoy Cruz,,,,,,,,,,,,,,,,,,,,,
J1027,Nahuel Ulariaga,DEL,02-03-2002,Godoy Cruz,,,,,,,,,,,,,,,,,,,,,
J1028,Axel Rodriguez,DEL,25-03-1997,Godoy Cruz,,,,,,,,,,,,,,,,,,,,,
J1029,Enzo Barrionuevo,DEL,29-12-2005,Godoy Cruz,,,,,,,,,,,,,,,,,,,,,
J1030,Rodrigo Fernandez,DEL,24-01-2007,Godoy Cruz,,,,,,,,,,,,,,,,,,,,,
J1031,Vicente Poggi,MED,11-07-2002,Godoy Cruz,,,,,,,,,,,,,,,,,,,,,
J1032,Misael Sosa,DEL,28-01-2002,Godoy Cruz,,,,,,,,,,,,,,,,,,,,,
J1033,Felipe Cairus,MED,28-04-2000,Godoy Cruz,,,,,,,,,,,,,,,,,,,,,
J1034,Benjamin Schamine,MED,24-10-2003,Godoy Cruz,,,,,,,,,,,,,,,,,,,,,
J1035,Juan Bautista Cejas,DEL,06-03-1998,Godoy Cruz,,,,,,,,,,,,,,,,,,,,,
J1036,Agustin Valverde,MED,26-03-2002,Godoy Cruz,,,,,,,,,,,,,,,,,,,,,
J1037,Gaston Gil Romero,MED,06-05-1993,Godoy Cruz,,,,,,,,,,,,,,,,,,,,,
J1038,William Riquelme,DEL,15-02-2002,Godoy Cruz,,,,,,,,,,,,,,,,,,,,,
J1039,Antonio Guerrero,MED,01-01-2008,Godoy Cruz,,,,,,,,,,,,,,,,,,,,,
J1040,Santiago Martinez,MED,01-01-2004,Godoy Cruz,,,,,,,,,,,,,,,,,,,,,
J1041,Diego Viera,DEF,30-04-1991,Godoy Cruz,,,,,,,,,,,,,,,,,,,,,
J1042,Juan Segundo Moran,DEF,10-07-2006,Godoy Cruz,,,,,,,,,,,,,,,,,,,,,
J1043,Esteban Burgos,DEF,09-01-1992,Godoy Cruz,,,,,,,,,,,,,,,,,,,,,
J1044,Lucas Arce,DEF,14-08-1997,Godoy Cruz,,,,,,,,,,,,,,,,,,,,,
J1045,Leandro Quiroz,DEF,06-01-2004,Godoy Cruz,,,,,,,,,,,,,,,,,,,,,
J1046,Nahuel Brunet,DEF,11-07-2000,Godoy Cruz,,,,,,,,,,,,,,,,,,,,,
J1047,Federico Milo,DEF,10-01-1992,Godoy Cruz,,,,,,,,,,,,,,,,,,,,,
J1048,Tomas Rossi,DEF,18-04-1992,Godoy Cruz,,,,,,,,,,,,,,,,,,,,,
J1049,Francisco Gerometta,DEF,01-09-1999,Godoy Cruz,,,,,,,,,,,,,,,,,,,,,
J1050,Francisco Facello,DEF,12-01-2003,Godoy Cruz,,,,,,,,,,,,,,,,,,,,,
J1051,Nicolas Claa,ARQ,05-08-2004,Godoy Cruz,,,,,,,,,,,,,,,,,,,,,
J1052,Roberto Ramirez,ARQ,07-07-1996,Godoy Cruz,,,,,,,,,,,,,,,,,,,,,
J1053,Nicolas Servetto,DEL,27-03-1996,Deportivo Madryn,,,,,,,,,,,,,,,,,,,,,
J1054,Luis Silba,DEL,05-02-1990,Deportivo Madryn,,,,,,,,,,,,,,,,,,,,,
J1055,Juan Peinipil,DEL,15-01-2002,Deportivo Madryn,,,,,,,,,,,,,,,,,,,,,
J1056,Yamil Garcia,DEL,03-10-2001,Deportivo Madryn,,,,,,,,,,,,,,,,,,,,,
J1057,Marcelo Meli,MED,07-01-1993,Deportivo Madryn,,,,,,,,,,,,,,,,,,,,,
J1058,Nazareno Solis,MED,21-04-1994,Deportivo Madryn,,,,,,,,,,,,,,,,,,,,,
J1059,Gabriel Gudiño,DEL,16-03-1992,Deportivo Madryn,,,,,,,,,,,,,,,,,,,,,
J1060,Facundo Ospitaleche,MED,11-04-1996,Deportivo Madryn,,,,,,,,,,,,,,,,,,,,,
J1061,Nicolas Barrientos,MED,05-04-1995,Deportivo Madryn,,,,,,,,,,,,,,,,,,,,,
J1062,Federico Recalde,MED,11-08-1996,Deportivo Madryn,,,,,,,,,,,,,,,,,,,,,
J1063,Ezequiel Montagna,DEL,08-06-1994,Deportivo Madryn,,,,,,,,,,,,,,,,,,,,,
J1064,Camilo Machado,MED,01-02-1999,Deportivo Madryn,,,,,,,,,,,,,,,,,,,,,
J1065,Estanislao Jara,MED,26-08-1999,Deportivo Madryn,,,,,,,,,,,,,,,,,,,,,
J1066,Leonardo Marinucci,MED,28-02-1993,Deportivo Madryn,,,,,,,,,,,,,,,,,,,,,
J1067,Facundo Giacopuzzi,DEF,25-04-2001,Deportivo Madryn,,,,,,,,,,,,,,,,,,,,,
J1068,Fernando Bersano,DEF,03-01-1998,Deportivo Madryn,,,,,,,,,,,,,,,,,,,,,
J1069,Claudio Corvalan,DEF,23-03-1989,Deportivo Madryn,,,,,,,,,,,,,,,,,,,,,
J1070,Lucas Diarte,DEF,04-06-1993,Deportivo Madryn,,,,,,,,,,,,,,,,,,,,,
J1071,Victor Cabrera,DEF,07-02-1993,Deportivo Madryn,,,,,,,,,,,,,,,,,,,,,
J1072,Alejandro Gutierrez,DEF,02-01-1995,Deportivo Madryn,,,,,,,,,,,,,,,,,,,,,
J1073,Agustin Sosa,DEF,28-08-2000,Deportivo Madryn,,,,,,,,,,,,,,,,,,,,,
J1074,Julian Cosi,DEF,08-09-1998,Deportivo Madryn,,,,,,,,,,,,,,,,,,,,,
J1075,Franco Godoy,DEF,28-06-2000,Deportivo Madryn,,,,,,,,,,,,,,,,,,,,,
J1076,Alvaro Dionisio,DEF,27-04-1998,Deportivo Madryn,,,,,,,,,,,,,,,,,,,,,
J1077,Diego Martinez,DEF,05-07-1992,Deportivo Madryn,,,,,,,,,,,,,,,,,,,,,
J1078,Nicolas Ortiz,DEF,04-03-1995,Deportivo Madryn,,,,,,,,,,,,,,,,,,,,,
J1079,Thiago Yossen,DEF,09-07-2004,Deportivo Madryn,,,,,,,,,,,,,,,,,,,,,
J1080,Joaquin Obdrzalek,DEF,21-10-2000,Deportivo Madryn,,,,,,,,,,,,,,,,,,,,,
J1081,Roberto Leon,ARQ,08-08-2001,Deportivo Madryn,,,,,,,,,,,,,,,,,,,,,
J1082,Yair Bonnin,ARQ,19-09-1990,Deportivo Madryn,,,,,,,,,,,,,,,,,,,,,
J1083,Mauricio Nievas,ARQ,14-04-1998,Deportivo Madryn,,,,,,,,,,,,,,,,,,,,,
J1084,Matias Montero,ARQ,15-01-1997,Deportivo Madryn,,,,,,,,,,,,,,,,,,,,,
J1085,Santiago Villalba,DEL,18-02-2004,Almirante Brown,,,,,,,,,,,,,,,,,,,,,
J1086,Javier Martinez,DEL,21-11-1998,Almirante Brown,,,,,,,,,,,,,,,,,,,,,
J1087,Tobias Quinteros,DEL,17-03-2005,Almirante Brown,,,,,,,,,,,,,,,,,,,,,
J1088,Facundo Garcia,DEL,07-02-2005,Almirante Brown,,,,,,,,,,,,,,,,,,,,,
J1089,Lucas Vega,DEL,19-05-2004,Almirante Brown,,,,,,,,,,,,,,,,,,,,,
J1090,Joaquin Ibañez,DEL,23-06-2004,Almirante Brown,,,,,,,,,,,,,,,,,,,,,
J1091,Milton Zanotti,DEL,29-07-2003,Almirante Brown,,,,,,,,,,,,,,,,,,,,,
J1092,Facundo Quignon,MED,02-05-1993,Almirante Brown,,,,,,,,,,,,,,,,,,,,,
J1093,Leonardo Jara,MED,20-05-1991,Almirante Brown,,,,,,,,,,,,,,,,,,,,,
J1094,Tobias Zarate,DEL,07-07-2000,Almirante Brown,,,,,,,,,,,,,,,,,,,,,
J1095,Mariano Santiago,MED,31-05-2001,Almirante Brown,,,,,,,,,,,,,,,,,,,,,
J1096,Luciano Pascual,MED,23-06-2004,Almirante Brown,,,,,,,,,,,,,,,,,,,,,
J1097,Santiago Gauna,MED,05-04-2003,Almirante Brown,,,,,,,,,,,,,,,,,,,,,
J1098,Tomas Almada,MED,31-01-2002,Almirante Brown,,,,,,,,,,,,,,,,,,,,,
J1099,Gabriel Altamirano,MED,20-06-2001,Almirante Brown,,,,,,,,,,,,,,,,,,,,,
J1100,Gaston Moreyra,MED,15-12-1999,Almirante Brown,,,,,,,,,,,,,,,,,,,,,
J1101,Ramon Gonzalez,DEL,30-03-2002,Almirante Brown,,,,,,,,,,,,,,,,,,,,,
J1102,Joaquin Velazquez,MED,23-01-2002,Almirante Brown,,,,,,,,,,,,,,,,,,,,,
J1103,Tomas Villloldo,DEL,28-08-1995,Almirante Brown,,,,,,,,,,,,,,,,,,,,,
J1104,Gustavo Cabral,DEF,14-10-1985,Almirante Brown,,,,,,,,,,,,,,,,,,,,,
J1105,Pedro Velurtas,DEF,29-08-2001,Almirante Brown,,,,,,,,,,,,,,,,,,,,,
J1106,Giovanni Marchetti,DEF,02-01-2004,Almirante Brown,,,,,,,,,,,,,,,,,,,,,
J1107,Enzo Cardozo,DEF,04-10-2005,Almirante Brown,,,,,,,,,,,,,,,,,,,,,
J1108,Maximo Levi,DEF,08-01-1996,Almirante Brown,,,,,,,,,,,,,,,,,,,,,
J1109,Ramiro Fernandez,DEF,12-11-1995,Almirante Brown,,,,,,,,,,,,,,,,,,,,,
J1110,Agustin Dattola,DEF,20-04-1999,Almirante Brown,,,,,,,,,,,,,,,,,,,,,
J1111,Gerardo Alegre,DEF,18-04-1999,Almirante Brown,,,,,,,,,,,,,,,,,,,,,
J1112,Marcos Abreliano,DEF,09-04-1998,Almirante Brown,,,,,,,,,,,,,,,,,,,,,
J1113,Bruno Galvan,ARQ,08-05-1994,Almirante Brown,,,,,,,,,,,,,,,,,,,,,
J1114,Augusto Bottini,ARQ,26-10-1998,Almirante Brown,,,,,,,,,,,,,,,,,,,,,
J1115,Alexis Martinez,ARQ,03-02-2005,Almirante Brown,,,,,,,,,,,,,,,,,,,,,
J1116,Jorge Correa,DEL,04-04-1993,Estudiantes BA,,,,,,,,,,,,,,,,,,,,,
J1117,Mateo Acosta,DEL,22-09-1992,Estudiantes BA,,,,,,,,,,,,,,,,,,,,,
J1118,Ian Vera,DEL,25-11-2004,Estudiantes BA,,,,,,,,,,,,,,,,,,,,,
J1119,Ezequiel Almiron,DEL,20-08-2002,Estudiantes BA,,,,,,,,,,,,,,,,,,,,,
J1120,Teo Cohen,DEL,15-11-2004,Estudiantes BA,,,,,,,,,,,,,,,,,,,,,
J1121,Dario Rostagno,DEL,22-07-2001,Estudiantes BA,,,,,,,,,,,,,,,,,,,,,
J1122,Juan Vergara,DEL,26-10-2006,Estudiantes BA,,,,,,,,,,,,,,,,,,,,,
J1123,Roman Rodriguez,MED,15-09-2003,Estudiantes BA,,,,,,,,,,,,,,,,,,,,,
J1124,Rodrigo Melo,MED,24-09-1995,Estudiantes BA,,,,,,,,,,,,,,,,,,,,,
J1125,Bautista Degregorio,MED,16-01-2004,Estudiantes BA,,,,,,,,,,,,,,,,,,,,,
J1126,Santiago Camacho,MED,25-01-1997,Estudiantes BA,,,,,,,,,,,,,,,,,,,,,
J1127,Facundo Ardiles,MED,22-09-1998,Estudiantes BA,,,,,,,,,,,,,,,,,,,,,
J1128,Enzo Acosta,DEL,30-11-1996,Estudiantes BA,,,,,,,,,,,,,,,,,,,,,
J1129,Federico Sena,MED,26-05-1997,Estudiantes BA,,,,,,,,,,,,,,,,,,,,,
J1130,Matias Nuñez,MED,13-06-2009,Estudiantes BA,,,,,,,,,,,,,,,,,,,,,
J1131,Ivan Bonus,MED,07-01-2006,Estudiantes BA,,,,,,,,,,,,,,,,,,,,,
J1132,Tomas Squie,MED,29-08-1998,Estudiantes BA,,,,,,,,,,,,,,,,,,,,,
J1133,Manuel Sanchez de Leon,MED,07-07-1999,Estudiantes BA,,,,,,,,,,,,,,,,,,,,,
J1134,Lucas Silva,MED,30-08-2003,Estudiantes BA,,,,,,,,,,,,,,,,,,,,,
J1135,Balthazar Bernardi,DEF,10-08-2001,Estudiantes BA,,,,,,,,,,,,,,,,,,,,,
J1136,Nicolas Caro Torres,DEF,04-05-1995,Estudiantes BA,,,,,,,,,,,,,,,,,,,,,
J1137,Andres Berizovsky,DEF,26-10-2004,Estudiantes BA,,,,,,,,,,,,,,,,,,,,,
J1138,Franco Quinteros,DEF,13-10-1998,Estudiantes BA,,,,,,,,,,,,,,,,,,,,,
J1139,Fernando Duré,DEF,19-12-1996,Estudiantes BA,,,,,,,,,,,,,,,,,,,,,
J1140,Jorge Benitez,DEF,02-06-1994,Estudiantes BA,,,,,,,,,,,,,,,,,,,,,
J1141,Martin Albarracin,DEF,05-07-2000,Estudiantes BA,,,,,,,,,,,,,,,,,,,,,
J1142,Juan Manuel Lungarzo,ARQ,12-12-1992,Estudiantes BA,,,,,,,,,,,,,,,,,,,,,
J1143,Facundo Vila,ARQ,11-05-2003,Estudiantes BA,,,,,,,,,,,,,,,,,,,,,
J1144,Rodrigo Fumo,ARQ,29-06-2001,Estudiantes BA,,,,,,,,,,,,,,,,,,,,,
J1145,Tomas Rambert,DEL,03-01-2004,Ciudad Bolivar,,,,,,,,,,,,,,,,,,,,,
J1146,Khalil Caraballo,DEL,03-01-1999,Ciudad Bolivar,,,,,,,,,,,,,,,,,,,,,
J1147,Lautaro Villegas,DEL,06-09-1996,Ciudad Bolivar,,,,,,,,,,,,,,,,,,,,,
J1148,Agustin Diaz,DEL,22-01-2003,Ciudad Bolivar,,,,,,,,,,,,,,,,,,,,,
J1149,Jonatan Maciel,DEL,25-02-1994,Ciudad Bolivar,,,,,,,,,,,,,,,,,,,,,
J1150,Facundo Beretta,DEL,06-04-2001,Ciudad Bolivar,,,,,,,,,,,,,,,,,,,,,
J1151,Guillermo Sanchez,DEL,14-03-1995,Ciudad Bolivar,,,,,,,,,,,,,,,,,,,,,
J1152,Arnaldo Gonzalez,DEL,13-05-1989,Ciudad Bolivar,,,,,,,,,,,,,,,,,,,,,
J1153,Tomas Guiacobini,DEL,19-05-2004,Ciudad Bolivar,,,,,,,,,,,,,,,,,,,,,
J1154,Francisco Ilarregui,DEL,06-05-1997,Ciudad Bolivar,,,,,,,,,,,,,,,,,,,,,
J1155,Facundo Mucignat,MED,03-06-1999,Ciudad Bolivar,,,,,,,,,,,,,,,,,,,,,
J1156,Maximiliano Gutierrez,DEL,04-01-1997,Ciudad Bolivar,,,,,,,,,,,,,,,,,,,,,
J1157,Alex Diaz,MED,14-07-1999,Ciudad Bolivar,,,,,,,,,,,,,,,,,,,,,
J1158,Brian Duarte,DEL,15-06-1999,Ciudad Bolivar,,,,,,,,,,,,,,,,,,,,,
J1159,Tomas Alegre,MED,25-02-2000,Ciudad Bolivar,,,,,,,,,,,,,,,,,,,,,
J1160,Nahuel Yeri,MED,12-09-1991,Ciudad Bolivar,,,,,,,,,,,,,,,,,,,,,
J1161,Thiago Rodriguez,MED,08-08-2004,Ciudad Bolivar,,,,,,,,,,,,,,,,,,,,,
J1162,Mateo Gridel,MED,17-08-2000,Ciudad Bolivar,,,,,,,,,,,,,,,,,,,,,
J1163,Brian Quintana,MED,08-07-2002,Ciudad Bolivar,,,,,,,,,,,,,,,,,,,,,
J1164,Agustin Paredes,DEF,01-01-2002,Ciudad Bolivar,,,,,,,,,,,,,,,,,,,,,
J1165,Federico Peralta,DEF,03-12-2001,Ciudad Bolivar,,,,,,,,,,,,,,,,,,,,,
J1166,Elias Martinez,DEF,16-05-1994,Ciudad Bolivar,,,,,,,,,,,,,,,,,,,,,
J1167,Ezequiel Navarro,DEF,06-07-2001,Ciudad Bolivar,,,,,,,,,,,,,,,,,,,,,
J1168,Joel Ledesma,DEF,07-07-2003,Ciudad Bolivar,,,,,,,,,,,,,,,,,,,,,
J1169,Tobias Fernandez,DEF,15-03-2001,Ciudad Bolivar,,,,,,,,,,,,,,,,,,,,,
J1170,Carlos Cuello,DEF,16-08-1994,Ciudad Bolivar,,,,,,,,,,,,,,,,,,,,,
J1171,Axel Carrion,DEF,17-05-2004,Ciudad Bolivar,,,,,,,,,,,,,,,,,,,,,
J1172,Gonzalo Valderrama,DEF,12-09-2005,Ciudad Bolivar,,,,,,,,,,,,,,,,,,,,,
J1173,Nicolas Ihitz,DEF,24-07-1995,Ciudad Bolivar,,,,,,,,,,,,,,,,,,,,,
J1174,Agustin Rufinetti,ARQ,27-01-2000,Ciudad Bolivar,,,,,,,,,,,,,,,,,,,,,
J1175,Enzo Alvarez,ARQ,26-05-2000,Ciudad Bolivar,,,,,,,,,,,,,,,,,,,,,
J1176,Jorge Ruiz,ARQ,19-06-2004,Ciudad Bolivar,,,,,,,,,,,,,,,,,,,,,
J1177,Mauricio Asenjo,DEL,23-07-1994,Los Andes,,,,,,,,,,,,,,,,,,,,,
J1178,Camilo Viganoni,DEL,10-12-2003,Los Andes,,,,,,,,,,,,,,,,,,,,,
J1179,Facundo Echevarria,DEL,31-07-2002,Los Andes,,,,,,,,,,,,,,,,,,,,,
J1180,Mario Galeano,DEL,08-02-2002,Los Andes,,,,,,,,,,,,,,,,,,,,,
J1181,Tomas Blanco,DEL,17-03-1999,Los Andes,,,,,,,,,,,,,,,,,,,,,
J1182,Franco Tisera,DEL,07-10-1989,Los Andes,,,,,,,,,,,,,,,,,,,,,
J1183,Tobias Modlin,DEL,13-10-2005,Los Andes,,,,,,,,,,,,,,,,,,,,,
J1184,Axel Paez,DEL,01-01-2003,Los Andes,,,,,,,,,,,,,,,,,,,,,
J1185,Sergio Ortiz,MED,23-02-2001,Los Andes,,,,,,,,,,,,,,,,,,,,,
J1186,Alex Chamorro,MED,13-06-2006,Los Andes,,,,,,,,,,,,,,,,,,,,,
J1187,Tomas Diaz,MED,01-05-2001,Los Andes,,,,,,,,,,,,,,,,,,,,,
J1188,Matias Gonzalez,MED,02-07-1999,Los Andes,,,,,,,,,,,,,,,,,,,,,
J1189,Matias Gomez,MED,23-09-2003,Los Andes,,,,,,,,,,,,,,,,,,,,,
J1190,Juan Manuel Vazquez,MED,25-07-1994,Los Andes,,,,,,,,,,,,,,,,,,,,,
J1191,Facundo Villarreal,MED,09-03-2005,Los Andes,,,,,,,,,,,,,,,,,,,,,
J1192,Gabriel Cañete,MED,23-02-1999,Los Andes,,,,,,,,,,,,,,,,,,,,,
J1193,Gonzalo Cozzoni,MED,25-06-1988,Los Andes,,,,,,,,,,,,,,,,,,,,,
J1194,Franco Rodriguez,MED,25-09-1999,Los Andes,,,,,,,,,,,,,,,,,,,,,
J1195,Alexis Avalos,MED,07-08-1996,Los Andes,,,,,,,,,,,,,,,,,,,,,
J1196,Brian Leizza,DEF,28-04-2000,Los Andes,,,,,,,,,,,,,,,,,,,,,
J1197,Daniel Franco,DEF,15-07-1991,Los Andes,,,,,,,,,,,,,,,,,,,,,
J1198,Julian Rodriguez,DEF,01-03-2000,Los Andes,,,,,,,,,,,,,,,,,,,,,
J1199,Julian Navas,DEF,30-11-1993,Los Andes,,,,,,,,,,,,,,,,,,,,,
J1200,Alexis Gonzalez,DEF,04-01-2005,Los Andes,,,,,,,,,,,,,,,,,,,,,
J1201,Gabriel Carrasco,DEF,07-03-1997,Los Andes,,,,,,,,,,,,,,,,,,,,,
J1202,Peter Martinez,DEF,16-12-1999,Los Andes,,,,,,,,,,,,,,,,,,,,,
J1203,Nazareno Fernandez,DEF,12-01-1997,Los Andes,,,,,,,,,,,,,,,,,,,,,
J1204,Aaron Sandoval,DEF,10-08-2005,Los Andes,,,,,,,,,,,,,,,,,,,,,
J1205,Enzo Pereyra,DEF,12-10-2004,Los Andes,,,,,,,,,,,,,,,,,,,,,
J1206,Sebastian Lopez,ARQ,14-09-1985,Los Andes,,,,,,,,,,,,,,,,,,,,,
J1207,Javier Bustillos,ARQ,05-03-1997,Los Andes,,,,,,,,,,,,,,,,,,,,,
J1208,Mateo Diaz Chaves,DEL,18-09-2003,Chaco For Ever,,,,,,,,,,,,,,,,,,,,,
J1209,Matias Romero,DEL,06-06-1994,Chaco For Ever,,,,,,,,,,,,,,,,,,,,,
J1210,Ezequiel Pacheco,DEL,16-12-2002,Chaco For Ever,,,,,,,,,,,,,,,,,,,,,
J1211,Agustin Zabaleta,DEL,16-04-2002,Chaco For Ever,,,,,,,,,,,,,,,,,,,,,
J1212,Juan Cruz Cerrudo,DEL,20-01-2004,Chaco For Ever,,,,,,,,,,,,,,,,,,,,,
J1213,Enzo Gaggi,DEL,13-01-1998,Chaco For Ever,,,,,,,,,,,,,,,,,,,,,
J1214,Brian Guerra,MED,08-02-1996,Chaco For Ever,,,,,,,,,,,,,,,,,,,,,
J1215,Bahiano Garcia,MED,10-12-2000,Chaco For Ever,,,,,,,,,,,,,,,,,,,,,
J1216,Mauricio Tevez,DEL,31-07-1996,Chaco For Ever,,,,,,,,,,,,,,,,,,,,,
J1217,Leandro Fernandez,MED,23-01-1995,Chaco For Ever,,,,,,,,,,,,,,,,,,,,,
J1218,Santiago Valenzuela,MED,23-09-2001,Chaco For Ever,,,,,,,,,,,,,,,,,,,,,
J1219,Federico Moreno,DEL,23-02-2001,Chaco For Ever,,,,,,,,,,,,,,,,,,,,,
J1220,Andres Lioi,MED,07-03-1997,Chaco For Ever,,,,,,,,,,,,,,,,,,,,,
J1221,Brian Nievas,MED,28-04-1998,Chaco For Ever,,,,,,,,,,,,,,,,,,,,,
J1222,Juan Carrizo,MED,29-11-2000,Chaco For Ever,,,,,,,,,,,,,,,,,,,,,
J1223,Gonzalo Melgarejo,MED,25-04-2001,Chaco For Ever,,,,,,,,,,,,,,,,,,,,,
J1224,Agustin Ojeda,DEF,23-07-2001,Chaco For Ever,,,,,,,,,,,,,,,,,,,,,
J1225,Lucas Mihovilcevich,DEF,30-01-2004,Chaco For Ever,,,,,,,,,,,,,,,,,,,,,
J1226,Mathias Silvera,DEF,20-03-2000,Chaco For Ever,,,,,,,,,,,,,,,,,,,,,
J1227,Raul Zules Caicedo,DEF,14-02-1991,Chaco For Ever,,,,,,,,,,,,,,,,,,,,,
J1228,Ricardo Garay,DEF,07-03-1997,Chaco For Ever,,,,,,,,,,,,,,,,,,,,,
J1229,Lucas Pruzzo,DEF,06-07-1994,Chaco For Ever,,,,,,,,,,,,,,,,,,,,,
J1230,Joaquin Jara,DEF,16-02-2003,Chaco For Ever,,,,,,,,,,,,,,,,,,,,,
J1231,David Valdez,DEF,06-04-1993,Chaco For Ever,,,,,,,,,,,,,,,,,,,,,
J1232,Alan Luque,DEF,20-02-1999,Chaco For Ever,,,,,,,,,,,,,,,,,,,,,
J1233,Tiago Chamorro,DEF,28-06-2005,Chaco For Ever,,,,,,,,,,,,,,,,,,,,,
J1234,Nicolas Caprio,ARQ,26-05-1989,Chaco For Ever,,,,,,,,,,,,,,,,,,,,,
J1235,Gaston Canuto,ARQ,28-07-1988,Chaco For Ever,,,,,,,,,,,,,,,,,,,,,
J1236,Eduardo Garcete,ARQ,12-05-1999,Chaco For Ever,,,,,,,,,,,,,,,,,,,,,
J1237,Joaquin Ardaiz,DEL,11-01-1999,Defensores de Belgrano,,,,,,,,,,,,,,,,,,,,,
J1238,Enzo Gonzalez,DEL,25-09-2000,Defensores de Belgrano,,,,,,,,,,,,,,,,,,,,,
J1239,Ezequiel Aguirre,DEL,10-01-1992,Defensores de Belgrano,,,,,,,,,,,,,,,,,,,,,
J1240,Francisco Tcherkaski,DEL,20-09-2005,Defensores de Belgrano,,,,,,,,,,,,,,,,,,,,,
J1241,Patricio Moyano,MED,04-07-2003,Defensores de Belgrano,,,,,,,,,,,,,,,,,,,,,
J1242,Leandro Ciccollini,MED,22-04-1995,Defensores de Belgrano,,,,,,,,,,,,,,,,,,,,,
J1243,Nicolas Borsotti,MED,30-10-2005,Defensores de Belgrano,,,,,,,,,,,,,,,,,,,,,
J1244,Ignacio Gutierrez,MED,23-05-2002,Defensores de Belgrano,,,,,,,,,,,,,,,,,,,,,
J1245,Leandro Landriel,MED,14-07-1996,Defensores de Belgrano,,,,,,,,,,,,,,,,,,,,,
J1246,Agustin Benitez,MED,11-10-1999,Defensores de Belgrano,,,,,,,,,,,,,,,,,,,,,
J1247,Diego Garcia,MED,21-06-1986,Defensores de Belgrano,,,,,,,,,,,,,,,,,,,,,
J1248,Juan De Tomasso,MED,30-06-1993,Defensores de Belgrano,,,,,,,,,,,,,,,,,,,,,
J1249,Luis Jerez,MED,20-02-1989,Defensores de Belgrano,,,,,,,,,,,,,,,,,,,,,
J1250,Nicolas Morro,DEF,29-08-1997,Defensores de Belgrano,,,,,,,,,,,,,,,,,,,,,
J1251,Gonzalo Gamarra,DEF,13-06-1997,Defensores de Belgrano,,,,,,,,,,,,,,,,,,,,,
J1252,Diego Magallanes,DEF,31-03-1997,Defensores de Belgrano,,,,,,,,,,,,,,,,,,,,,
J1253,Leonel Gigli,DEF,11-12-1990,Defensores de Belgrano,,,,,,,,,,,,,,,,,,,,,
J1254,Brian Gomez,DEF,15-02-1994,Defensores de Belgrano,,,,,,,,,,,,,,,,,,,,,
J1255,Martin Gomez,DEF,29-05-1998,Defensores de Belgrano,,,,,,,,,,,,,,,,,,,,,
J1256,Ian Perez,DEF,12-05-1999,Defensores de Belgrano,,,,,,,,,,,,,,,,,,,,,
J1257,Lautaro Rodriguez,DEF,01-01-2006,Defensores de Belgrano,,,,,,,,,,,,,,,,,,,,,
J1258,Alejandro Medina,ARQ,14-02-1987,Defensores de Belgrano,,,,,,,,,,,,,,,,,,,,,
J1259,Lautaro Daus,ARQ,11-02-2004,Defensores de Belgrano,,,,,,,,,,,,,,,,,,,,,
J1260,Alexis Nocetti,ARQ,18-08-2000,Defensores de Belgrano,,,,,,,,,,,,,,,,,,,,,
J1261,Pablo Chavarria,DEL,02-01-1988,Racing de Cordoba,,,,,,,,,,,,,,,,,,,,,
J1262,Sergio Gonzalez,DEL,05-04-1995,Racing de Cordoba,,,,,,,,,,,,,,,,,,,,,
J1263,Alfie James,DEL,12-01-2006,Racing de Cordoba,,,,,,,,,,,,,,,,,,,,,
J1264,Nahuel Sandrone,DEL,26-02-2004,Racing de Cordoba,,,,,,,,,,,,,,,,,,,,,
J1265,Ramiro Jara,DEL,03-11-2007,Racing de Cordoba,,,,,,,,,,,,,,,,,,,,,
J1266,Ignacio Valsagiacomo,DEL,20-05-1994,Racing de Cordoba,,,,,,,,,,,,,,,,,,,,,
J1267,Ricardo Centurion,DEL,18-01-1993,Racing de Cordoba,,,,,,,,,,,,,,,,,,,,,
J1268,Tomas Kummer,MED,10-11-2004,Racing de Cordoba,,,,,,,,,,,,,,,,,,,,,
J1269,Alan Olinick,MED,29-07-2000,Racing de Cordoba,,,,,,,,,,,,,,,,,,,,,
J1270,Cristian Vega,MED,17-09-1993,Racing de Cordoba,,,,,,,,,,,,,,,,,,,,,
J1271,Matias Machado,MED,06-06-2001,Racing de Cordoba,,,,,,,,,,,,,,,,,,,,,
J1272,Luciano Viano,MED,21-01-2003,Racing de Cordoba,,,,,,,,,,,,,,,,,,,,,
J1273,Gaspar Vega,MED,19-06-1992,Racing de Cordoba,,,,,,,,,,,,,,,,,,,,,
J1274,Facundo Taborda,DEL,16-01-2001,Racing de Cordoba,,,,,,,,,,,,,,,,,,,,,
J1275,Abel Bustos,MED,18-05-1999,Racing de Cordoba,,,,,,,,,,,,,,,,,,,,,
J1276,Fernando Ortiz,MED,12-10-1997,Racing de Cordoba,,,,,,,,,,,,,,,,,,,,,
J1277,Roman Achaval,MED,23-10-2002,Racing de Cordoba,,,,,,,,,,,,,,,,,,,,,
J1278,Gabriel Aranda,DEF,16-04-2001,Racing de Cordoba,,,,,,,,,,,,,,,,,,,,,
J1279,Jonathan Bay,DEF,31-01-1993,Racing de Cordoba,,,,,,,,,,,,,,,,,,,,,
J1280,Alejandro Rebola,DEF,24-07-1988,Racing de Cordoba,,,,,,,,,,,,,,,,,,,,,
J1281,Marcio Gomez,DEF,17-05-2000,Racing de Cordoba,,,,,,,,,,,,,,,,,,,,,
J1282,Fabricio Ghiggia,DEF,13-12-2003,Racing de Cordoba,,,,,,,,,,,,,,,,,,,,,
J1283,Lautaro Avila,DEF,09-09-2006,Racing de Cordoba,,,,,,,,,,,,,,,,,,,,,
J1284,Raul Chamorro,DEF,16-04-1999,Racing de Cordoba,,,,,,,,,,,,,,,,,,,,,
J1285,Santiago Rinaudo,DEF,14-04-1998,Racing de Cordoba,,,,,,,,,,,,,,,,,,,,,
J1286,Emanuel Diaz,DEF,04-05-2002,Racing de Cordoba,,,,,,,,,,,,,,,,,,,,,
J1287,Matias Sanchez,DEF,01-01-1999,Racing de Cordoba,,,,,,,,,,,,,,,,,,,,,
J1288,Lucas Flores,DEF,26-04-2001,Racing de Cordoba,,,,,,,,,,,,,,,,,,,,,
J1289,Alexis Caballero,DEF,13-01-2005,Racing de Cordoba,,,,,,,,,,,,,,,,,,,,,
J1290,Brian Olivera,ARQ,13-12-1993,Racing de Cordoba,,,,,,,,,,,,,,,,,,,,,
J1291,Gonzalo Laborda,ARQ,13-01-1995,Racing de Cordoba,,,,,,,,,,,,,,,,,,,,,
J1292,Lucas Soto,ARQ,07-09-1999,Racing de Cordoba,,,,,,,,,,,,,,,,,,,,,
J1293,Felipe Gorla,DEL,31-05-2005,Mitre SdE,,,,,,,,,,,,,,,,,,,,,
J1294,Favio Cabral,DEL,05-02-2001,Mitre SdE,,,,,,,,,,,,,,,,,,,,,
J1295,Santiago Rosales,DEL,22-03-1995,Mitre SdE,,,,,,,,,,,,,,,,,,,,,
J1296,Marcos Machado,DEL,18-05-2001,Mitre SdE,,,,,,,,,,,,,,,,,,,,,
J1297,Juan Pablo Zarate,DEL,17-02-1991,Mitre SdE,,,,,,,,,,,,,,,,,,,,,
J1298,Lautaro Mendoza,DEL,20-12-2002,Mitre SdE,,,,,,,,,,,,,,,,,,,,,
J1299,Oscar Garrido,MED,20-08-1997,Mitre SdE,,,,,,,,,,,,,,,,,,,,,
J1300,Gonzalo Valdivia,MED,05-04-2001,Mitre SdE,,,,,,,,,,,,,,,,,,,,,
J1301,Agustin Ramirez,DEL,02-05-2000,Mitre SdE,,,,,,,,,,,,,,,,,,,,,
J1302,Enzo Avaro,MED,18-05-1999,Mitre SdE,,,,,,,,,,,,,,,,,,,,,
J1303,Mateo Montenegro,MED,28-08-1998,Mitre SdE,,,,,,,,,,,,,,,,,,,,,
J1304,Mateo Maldonado,MED,17-08-2005,Mitre SdE,,,,,,,,,,,,,,,,,,,,,
J1305,Rodrigo Gonzalez,DEL,18-07-2000,Mitre SdE,,,,,,,,,,,,,,,,,,,,,
J1306,Matias Ferrari,MED,05-08-1996,Mitre SdE,,,,,,,,,,,,,,,,,,,,,
J1307,Alan Lopez,MED,16-05-2002,Mitre SdE,,,,,,,,,,,,,,,,,,,,,
J1308,Juan Alessandroni,MED,26-12-1988,Mitre SdE,,,,,,,,,,,,,,,,,,,,,
J1309,Maximiliano Romero,MED,25-11-1994,Mitre SdE,,,,,,,,,,,,,,,,,,,,,
J1310,Martin Vazquez,MED,30-01-2003,Mitre SdE,,,,,,,,,,,,,,,,,,,,,
J1311,Pablo Minissale,DEF,14-01-2001,Mitre SdE,,,,,,,,,,,,,,,,,,,,,
J1312,Franco Ferrari,DEF,09-05-1992,Mitre SdE,,,,,,,,,,,,,,,,,,,,,
J1313,Yonathan Cabral,DEF,10-05-1992,Mitre SdE,,,,,,,,,,,,,,,,,,,,,
J1314,Brian Mieres,DEF,28-07-1995,Mitre SdE,,,,,,,,,,,,,,,,,,,,,
J1315,Daniel Abello,DEF,08-08-1994,Mitre SdE,,,,,,,,,,,,,,,,,,,,,
J1316,Luciano Correa,DEF,29-06-2002,Mitre SdE,,,,,,,,,,,,,,,,,,,,,
J1317,Matias Godoy,DEF,11-02-2005,Mitre SdE,,,,,,,,,,,,,,,,,,,,,
J1318,Gianfranco Lillo,DEF,02-06-1999,Mitre SdE,,,,,,,,,,,,,,,,,,,,,
J1319,Segundo Rodriguez,DEF,24-12-2003,Mitre SdE,,,,,,,,,,,,,,,,,,,,,
J1320,Ignacio Pietrobono,ARQ,29-06-1991,Mitre SdE,,,,,,,,,,,,,,,,,,,,,
J1321,Joaquin Ledesma,ARQ,07-06-1989,Mitre SdE,,,,,,,,,,,,,,,,,,,,,
J1322,Gaston Unrein,ARQ,13-07-2004,Mitre SdE,,,,,,,,,,,,,,,,,,,,,
J1323,Nicolas Molina,DEL,28-01-1999,San Telmo,,,,,,,,,,,,,,,,,,,,,
J1324,Facundo Baez,DEL,03-03-2004,San Telmo,,,,,,,,,,,,,,,,,,,,,
J1325,Juan Zurbriggen,DEL,12-05-2000,San Telmo,,,,,,,,,,,,,,,,,,,,,
J1326,Joel Gonzalez,DEL,13-08-2002,San Telmo,,,,,,,,,,,,,,,,,,,,,
J1327,Martin Batallini,DEL,19-08-1991,San Telmo,,,,,,,,,,,,,,,,,,,,,
J1328,Iñaki Lartirigoyen,DEL,14-01-2004,San Telmo,,,,,,,,,,,,,,,,,,,,,
J1329,Cristian Nuñez,MED,12-08-2000,San Telmo,,,,,,,,,,,,,,,,,,,,,
J1330,Matias Salerno,DEL,27-11-2004,San Telmo,,,,,,,,,,,,,,,,,,,,,
J1331,Elias Britez,MED,11-03-2001,San Telmo,,,,,,,,,,,,,,,,,,,,,
J1332,Renzo Uriburu,MED,18-06-2003,San Telmo,,,,,,,,,,,,,,,,,,,,,
J1333,Jeronimo Porto,MED,03-04-2001,San Telmo,,,,,,,,,,,,,,,,,,,,,
J1334,Javier Iritier,MED,20-12-1994,San Telmo,,,,,,,,,,,,,,,,,,,,,
J1335,Valentin Matlis,MED,13-06-2000,San Telmo,,,,,,,,,,,,,,,,,,,,,
J1336,Matias Ledesma,MED,30-03-1999,San Telmo,,,,,,,,,,,,,,,,,,,,,
J1337,Ian Pardo,MED,01-10-2003,San Telmo,,,,,,,,,,,,,,,,,,,,,
J1338,Cristian Ortiz,MED,05-01-2005,San Telmo,,,,,,,,,,,,,,,,,,,,,
J1339,Facundo Roncaglia,DEF,10-02-1987,San Telmo,,,,,,,,,,,,,,,,,,,,,
J1340,Leonel Pollachi,DEF,09-05-2003,San Telmo,,,,,,,,,,,,,,,,,,,,,
J1341,Roman Gamarra,DEF,24-01-2002,San Telmo,,,,,,,,,,,,,,,,,,,,,
J1342,Juan Motroni,DEF,30-12-1998,San Telmo,,,,,,,,,,,,,,,,,,,,,
J1343,Gabriel Paredes,DEF,12-12-2003,San Telmo,,,,,,,,,,,,,,,,,,,,,
J1344,Lazaro Britez,DEF,21-03-2004,San Telmo,,,,,,,,,,,,,,,,,,,,,
J1345,Patricio Romero,DEF,24-03-1993,San Telmo,,,,,,,,,,,,,,,,,,,,,
J1346,Martin Gonzalez,DEF,13-01-2001,San Telmo,,,,,,,,,,,,,,,,,,,,,
J1347,Emanuel Diaz,DEF,10-11-1997,San Telmo,,,,,,,,,,,,,,,,,,,,,
J1348,Aryan Jazbec,DEF,12-05-2007,San Telmo,,,,,,,,,,,,,,,,,,,,,
J1349,Rodrigo Dinocco,DEF,26-01-2002,San Telmo,,,,,,,,,,,,,,,,,,,,,
J1350,Joaquin Enrico,ARQ,22-08-2001,San Telmo,,,,,,,,,,,,,,,,,,,,,
J1351,Juan Pablo Rial,ARQ,31-05-2004,San Telmo,,,,,,,,,,,,,,,,,,,,,
J1352,Lucas Cano,DEL,09-05-1995,All Boys,,,,,,,,,,,,,,,,,,,,,
J1353,Santiago Apa,DEL,24-03-2000,All Boys,,,,,,,,,,,,,,,,,,,,,
J1354,Claudio Campostrini,DEL,04-11-1999,All Boys,,,,,,,,,,,,,,,,,,,,,
J1355,Bruno Medina,DEL,01-05-1999,All Boys,,,,,,,,,,,,,,,,,,,,,
J1356,Matias Nouet,DEL,20-01-1993,All Boys,,,,,,,,,,,,,,,,,,,,,
J1357,Tiago Pucciarelli,DEL,21-12-2005,All Boys,,,,,,,,,,,,,,,,,,,,,
J1358,Nicolas Barrientos,DEL,10-02-1998,All Boys,,,,,,,,,,,,,,,,,,,,,
J1359,Emiliano Purita,MED,25-03-1997,All Boys,,,,,,,,,,,,,,,,,,,,,
J1360,Matias Rodriguez,DEL,29-03-1993,All Boys,,,,,,,,,,,,,,,,,,,,,
J1361,Nicolas Barrientos,MED,05-04-1995,All Boys,,,,,,,,,,,,,,,,,,,,,
J1362,Ignacio Palacio,MED,07-03-2000,All Boys,,,,,,,,,,,,,,,,,,,,,
J1363,Gabriel Ramirez,MED,29-07-1995,All Boys,,,,,,,,,,,,,,,,,,,,,
J1364,Gustavo Turraca,MED,15-07-1996,All Boys,,,,,,,,,,,,,,,,,,,,,
J1365,Luciano Leguizamon,MED,04-07-2007,All Boys,,,,,,,,,,,,,,,,,,,,,
J1366,Thiago Calone,DEL,10-08-2001,All Boys,,,,,,,,,,,,,,,,,,,,,
J1367,Alexis Melo,MED,08-01-2002,All Boys,,,,,,,,,,,,,,,,,,,,,
J1368,Ignacio Figueroa,MED,14-07-2000,All Boys,,,,,,,,,,,,,,,,,,,,,
J1369,Ariel Torres,MED,01-01-2003,All Boys,,,,,,,,,,,,,,,,,,,,,
J1370,Lionel Jara,MED,22-12-2006,All Boys,,,,,,,,,,,,,,,,,,,,,
J1371,Santiago Caceres,MED,02-06-2004,All Boys,,,,,,,,,,,,,,,,,,,,,
J1372,Alejo Tabares,DEF,20-06-2001,All Boys,,,,,,,,,,,,,,,,,,,,,
J1373,Hernan Grana,DEF,12-04-1985,All Boys,,,,,,,,,,,,,,,,,,,,,
J1374,Alejo Rodriguez,DEF,01-01-2002,All Boys,,,,,,,,,,,,,,,,,,,,,
J1375,Maximiliano Coronel,DEF,28-04-1989,All Boys,,,,,,,,,,,,,,,,,,,,,
J1376,Franco Quiroz,DEF,11-05-1998,All Boys,,,,,,,,,,,,,,,,,,,,,
J1377,Yago De Vito,DEF,07-05-2001,All Boys,,,,,,,,,,,,,,,,,,,,,
J1378,Ivan Zafarana,DEF,22-04-1995,All Boys,,,,,,,,,,,,,,,,,,,,,
J1379,Nicolas Carrizo,ARQ,04-07-1991,All Boys,,,,,,,,,,,,,,,,,,,,,
J1380,Juan Pablo Noce,ARQ,05-08-1997,All Boys,,,,,,,,,,,,,,,,,,,,,
J1381,Lisandro Mitre,ARQ,18-12-1995,All Boys,,,,,,,,,,,,,,,,,,,,,
J1382,Erik Bodencer,DEL,08-03-2000,Central Norte,,,,,,,,,,,,,,,,,,,,,
J1383,Kevin Isa,DEL,18-04-2001,Central Norte,,,,,,,,,,,,,,,,,,,,,
J1384,Francisco Borda,DEL,09-12-2001,Central Norte,,,,,,,,,,,,,,,,,,,,,
J1385,Ramiro Costa,DEL,21-08-1992,Central Norte,,,,,,,,,,,,,,,,,,,,,
J1386,Maximiliano Alvez,MED,23-11-2003,Central Norte,,,,,,,,,,,,,,,,,,,,,
J1387,Tomas Castro,MED,12-05-2000,Central Norte,,,,,,,,,,,,,,,,,,,,,
J1388,Sergio Quiroga,MED,07-06-1994,Central Norte,,,,,,,,,,,,,,,,,,,,,
J1389,Gianluca Mancuso,MED,03-02-1998,Central Norte,,,,,,,,,,,,,,,,,,,,,
J1390,Franco Vedoya,MED,08-04-2001,Central Norte,,,,,,,,,,,,,,,,,,,,,
J1391,Matias Villarreal,MED,16-01-1992,Central Norte,,,,,,,,,,,,,,,,,,,,,
J1392,Agustin Bustinduy,MED,08-04-2005,Central Norte,,,,,,,,,,,,,,,,,,,,,
J1393,Patricio Vidal,DEL,08-04-1992,Central Norte,,,,,,,,,,,,,,,,,,,,,
J1394,Joaquin Mateo,MED,05-08-1997,Central Norte,,,,,,,,,,,,,,,,,,,,,
J1395,Matias Moravec,MED,12-04-2001,Central Norte,,,,,,,,,,,,,,,,,,,,,
J1396,Maximiliano Ribero,MED,22-12-1997,Central Norte,,,,,,,,,,,,,,,,,,,,,
J1397,Agustin Lamosa,DEF,17-10-2001,Central Norte,,,,,,,,,,,,,,,,,,,,,
J1398,Elias Calderon,DEF,04-02-2001,Central Norte,,,,,,,,,,,,,,,,,,,,,
J1399,Martin Lucero,DEF,28-09-2005,Central Norte,,,,,,,,,,,,,,,,,,,,,
J1400,Maximiliano Padilla,DEF,29-08-1994,Central Norte,,,,,,,,,,,,,,,,,,,,,
J1401,Agustin Aleo,DEF,20-05-1998,Central Norte,,,,,,,,,,,,,,,,,,,,,
J1402,Arian Pucheta,DEF,08-03-1995,Central Norte,,,,,,,,,,,,,,,,,,,,,
J1403,Joaquin Vaquero,DEF,22-02-2005,Central Norte,,,,,,,,,,,,,,,,,,,,,
J1404,Leonardo Felissia,DEF,27-07-2001,Central Norte,,,,,,,,,,,,,,,,,,,,,
J1405,Pedro Sanz,DEF,04-06-2000,Central Norte,,,,,,,,,,,,,,,,,,,,,
J1406,Pablo Rosales,DEF,10-03-1992,Central Norte,,,,,,,,,,,,,,,,,,,,,
J1407,Ramiro Enriquez,DEF,18-03-2004,Central Norte,,,,,,,,,,,,,,,,,,,,,
J1408,Gonzalo Castilla,DEF,24-01-2003,Central Norte,,,,,,,,,,,,,,,,,,,,,
J1409,Enzo Vazquez,ARQ,07-09-2000,Central Norte,,,,,,,,,,,,,,,,,,,,,
J1410,Joaquin Hass,ARQ,27-03-1998,Central Norte,,,,,,,,,,,,,,,,,,,,,
J1411,Bruno Nasta,DEL,19-01-1993,San Miguel,,,,,,,,,,,,,,,,,,,,,
J1412,Gustavo Fernandez,DEL,03-08-1990,San Miguel,,,,,,,,,,,,,,,,,,,,,
J1413,Lucas Delgado,DEL,24-03-1995,San Miguel,,,,,,,,,,,,,,,,,,,,,
J1414,Tomas Jerez,DEL,18-12-2003,San Miguel,,,,,,,,,,,,,,,,,,,,,
J1415,Axel De La Cruz,DEL,30-08-2005,San Miguel,,,,,,,,,,,,,,,,,,,,,
J1416,Lucas Brochero,DEL,23-01-1999,San Miguel,,,,,,,,,,,,,,,,,,,,,
J1417,Mateo Serra,MED,08-05-2004,San Miguel,,,,,,,,,,,,,,,,,,,,,
J1418,Maximo Oses,MED,15-08-2005,San Miguel,,,,,,,,,,,,,,,,,,,,,
J1419,Daniel Juarez,MED,30-07-2001,San Miguel,,,,,,,,,,,,,,,,,,,,,
J1420,Leandro Desabato,MED,30-03-1990,San Miguel,,,,,,,,,,,,,,,,,,,,,
J1421,Ivan Ramirez,MED,23-02-1990,San Miguel,,,,,,,,,,,,,,,,,,,,,
J1422,Jorge Ferrero,MED,28-02-1992,San Miguel,,,,,,,,,,,,,,,,,,,,,
J1423,Fabrizio Almeida,MED,15-10-2001,San Miguel,,,,,,,,,,,,,,,,,,,,,
J1424,Tomas Diaz,MED,24-04-1997,San Miguel,,,,,,,,,,,,,,,,,,,,,
J1425,Thomas Carosio,MED,14-11-2003,San Miguel,,,,,,,,,,,,,,,,,,,,,
J1426,Damian Rojas,MED,06-03-1998,San Miguel,,,,,,,,,,,,,,,,,,,,,
J1427,Dixon Renteria,DEF,24-09-1995,San Miguel,,,,,,,,,,,,,,,,,,,,,
J1428,Kevin Ceceri,DEF,02-02-1996,San Miguel,,,,,,,,,,,,,,,,,,,,,
J1429,Damian Adin,DEF,09-03-1997,San Miguel,,,,,,,,,,,,,,,,,,,,,
J1430,Santiago Albornos,DEF,14-05-2004,San Miguel,,,,,,,,,,,,,,,,,,,,,
J1431,Lucio Perez,DEF,02-07-1997,San Miguel,,,,,,,,,,,,,,,,,,,,,
J1432,Facundo Cardozo,DEF,06-04-1995,San Miguel,,,,,,,,,,,,,,,,,,,,,
J1433,Alexis Cruz,DEF,12-10-1999,San Miguel,,,,,,,,,,,,,,,,,,,,,
J1434,Franco Aguirre,DEF,10-02-2002,San Miguel,,,,,,,,,,,,,,,,,,,,,
J1435,Leandro Ortiz,DEF,14-09-2007,San Miguel,,,,,,,,,,,,,,,,,,,,,
J1436,Daniel Sappa,ARQ,09-02-1995,San Miguel,,,,,,,,,,,,,,,,,,,,,
J1437,Matias Escobar,ARQ,14-02-2003,San Miguel,,,,,,,,,,,,,,,,,,,,,
J1438,Mateo Reynoso,ARQ,12-11-2003,San Miguel,,,,,,,,,,,,,,,,,,,,,
J1439,Rodolfo Sosa,ARQ,01-04-2005,San Miguel,,,,,,,,,,,,,,,,,,,,,
J1440,Juan Ignacio Quattrocchi,DEL,03-02-2004,Acassuso,,,,,,,,,,,,,,,,,,,,,
J1441,Lazaro Romero,DEL,13-12-1995,Acassuso,,,,,,,,,,,,,,,,,,,,,
J1442,David Escalante,DEL,21-05-1991,Acassuso,,,,,,,,,,,,,,,,,,,,,
J1443,Felipe Senn,DEL,01-01-2001,Acassuso,,,,,,,,,,,,,,,,,,,,,
J1444,Tomas Rodriguez,DEL,05-01-2004,Acassuso,,,,,,,,,,,,,,,,,,,,,
J1445,Natan Acosta,DEL,28-04-2003,Acassuso,,,,,,,,,,,,,,,,,,,,,
J1446,Agustin Hermoso,MED,05-11-2002,Acassuso,,,,,,,,,,,,,,,,,,,,,
J1447,Kevin Dubini,MED,04-03-1993,Acassuso,,,,,,,,,,,,,,,,,,,,,
J1448,Joaquin Postigo,MED,27-11-2003,Acassuso,,,,,,,,,,,,,,,,,,,,,
J1449,Nahuel Petillo,MED,16-10-2001,Acassuso,,,,,,,,,,,,,,,,,,,,,
J1450,Jonathan Raccio,MED,31-03-2005,Acassuso,,,,,,,,,,,,,,,,,,,,,
J1451,Ramiro Reynoso,MED,30-06-1999,Acassuso,,,,,,,,,,,,,,,,,,,,,
J1452,Lucas Rey,MED,06-05-1999,Acassuso,,,,,,,,,,,,,,,,,,,,,
J1453,David De Stefano,MED,11-05-2005,Acassuso,,,,,,,,,,,,,,,,,,,,,
J1454,Joaquin Cancio,MED,21-04-2003,Acassuso,,,,,,,,,,,,,,,,,,,,,
J1455,Santiago Bellatti,DEF,09-06-2002,Acassuso,,,,,,,,,,,,,,,,,,,,,
J1456,Nicolas Stepanovitch,DEF,14-02-2004,Acassuso,,,,,,,,,,,,,,,,,,,,,
J1457,Valentin Serrano,DEF,23-02-2004,Acassuso,,,,,,,,,,,,,,,,,,,,,
J1458,Joel Ghirardello,DEF,24-09-1995,Acassuso,,,,,,,,,,,,,,,,,,,,,
J1459,Bruno Dordoni,DEF,09-11-1998,Acassuso,,,,,,,,,,,,,,,,,,,,,
J1460,Lucas Pioli,DEF,11-04-2001,Acassuso,,,,,,,,,,,,,,,,,,,,,
J1461,Alex Ruiz,DEF,26-02-2000,Acassuso,,,,,,,,,,,,,,,,,,,,,
J1462,Juan Cruz Ponce,DEF,22-05-2000,Acassuso,,,,,,,,,,,,,,,,,,,,,
J1463,Franco Cortes,DEF,08-07-2002,Acassuso,,,,,,,,,,,,,,,,,,,,,
J1464,Santiago Borges,DEF,24-10-2002,Acassuso,,,,,,,,,,,,,,,,,,,,,
J1465,Romas Etcheverri,DEF,11-05-2003,Acassuso,,,,,,,,,,,,,,,,,,,,,
J1466,Mariano Monllor,ARQ,28-02-1989,Acassuso,,,,,,,,,,,,,,,,,,,,,
J1467,Santaigo Bogace,ARQ,04-09-2005,Acassuso,,,,,,,,,,,,,,,,,,,,,
J1468,Jorge Luque,ARQ,26-08-2003,Acassuso,,,,,,,,,,,,,,,,,,,,,
J1469,Sebastian Ramirez,DEL,04-09-2000,Tristan Suarez,,,,,,,,,,,,,,,,,,,,,
J1470,Jonathan Beron,DEL,09-06-2002,Tristan Suarez,,,,,,,,,,,,,,,,,,,,,
J1471,Agustin Gallo,DEL,02-02-1999,Tristan Suarez,,,,,,,,,,,,,,,,,,,,,
J1472,Diego Becker,DEL,24-11-1997,Tristan Suarez,,,,,,,,,,,,,,,,,,,,,
J1473,Maximiliano Alvarez,DEL,03-10-1996,Tristan Suarez,,,,,,,,,,,,,,,,,,,,,
J1474,Augusto Berrondo,DEL,28-01-2000,Tristan Suarez,,,,,,,,,,,,,,,,,,,,,
J1475,Renzo Conechny,DEL,03-03-2001,Tristan Suarez,,,,,,,,,,,,,,,,,,,,,
J1476,Gianluca Banuera,DEL,22-06-2006,Tristan Suarez,,,,,,,,,,,,,,,,,,,,,
J1477,Maximiliano Villalba,DEL,05-07-2009,Tristan Suarez,,,,,,,,,,,,,,,,,,,,,
J1478,Marcos Enrique,MED,30-12-1999,Tristan Suarez,,,,,,,,,,,,,,,,,,,,,
J1479,Kevin Colli,MED,19-05-2003,Tristan Suarez,,,,,,,,,,,,,,,,,,,,,
J1480,Nicolas Del Priore,MED,14-08-1996,Tristan Suarez,,,,,,,,,,,,,,,,,,,,,
J1481,Fernando Alvarez,MED,26-06-2004,Tristan Suarez,,,,,,,,,,,,,,,,,,,,,
J1482,Alejandro Molina,MED,10-08-1997,Tristan Suarez,,,,,,,,,,,,,,,,,,,,,
J1483,Ayrton Sanchez,MED,06-03-2000,Tristan Suarez,,,,,,,,,,,,,,,,,,,,,
J1484,Maximiliano Luayza,MED,15-04-2002,Tristan Suarez,,,,,,,,,,,,,,,,,,,,,
J1485,Santiago Magnotta,MED,04-06-2003,Tristan Suarez,,,,,,,,,,,,,,,,,,,,,
J1486,Nicolas Sanchez,MED,21-02-1992,Tristan Suarez,,,,,,,,,,,,,,,,,,,,,
J1487,Maximo Ferulano,MED,03-10-2004,Tristan Suarez,,,,,,,,,,,,,,,,,,,,,
J1488,Tiziano Noriega,MED,28-03-2008,Tristan Suarez,,,,,,,,,,,,,,,,,,,,,
J1489,Brian Aguilar,DEF,13-04-2003,Tristan Suarez,,,,,,,,,,,,,,,,,,,,,
J1490,Agustin Baldi,DEF,11-05-2002,Tristan Suarez,,,,,,,,,,,,,,,,,,,,,
J1491,Manuel Guillen,DEF,22-02-2001,Tristan Suarez,,,,,,,,,,,,,,,,,,,,,
J1492,Matias Olguin,DEF,15-02-2001,Tristan Suarez,,,,,,,,,,,,,,,,,,,,,
J1493,Mauricio Guzman,DEF,16-09-1999,Tristan Suarez,,,,,,,,,,,,,,,,,,,,,
J1494,Nicolas Fernandez,DEF,20-06-1995,Tristan Suarez,,,,,,,,,,,,,,,,,,,,,
J1495,Santiago Aquino,DEF,31-12-2004,Tristan Suarez,,,,,,,,,,,,,,,,,,,,,
J1496,Alan Gorosito,DEF,07-04-2001,Tristan Suarez,,,,,,,,,,,,,,,,,,,,,
J1497,Joaquin Bigo,ARQ,13-07-1998,Tristan Suarez,,,,,,,,,,,,,,,,,,,,,
J1498,Daniel Monllor,ARQ,20-07-1984,Tristan Suarez,,,,,,,,,,,,,,,,,,,,,
J1499,Joaquin Mendive,ARQ,08-08-1996,Tristan Suarez,,,,,,,,,,,,,,,,,,,,,
J1500,Marcos Funes,ARQ,11-02-1999,Tristan Suarez,,,,,,,,,,,,,,,,,,,,,
J1501,Marcos Echeverria,DEL,21-04-2003,Temperley,,,,,,,,,,,,,,,,,,,,,
J1502,Facundo Kruger,DEL,05-06-2000,Temperley,,,,,,,,,,,,,,,,,,,,,
J1503,Francisco Silva,DEL,29-04-2005,Temperley,,,,,,,,,,,,,,,,,,,,,
J1504,Bautista Fernandez,DEL,18-09-2006,Temperley,,,,,,,,,,,,,,,,,,,,,
J1505,Nicolas Molina,DEL,09-01-2001,Temperley,,,,,,,,,,,,,,,,,,,,,
J1506,Gabriel Hauche,DEL,27-11-1986,Temperley,,,,,,,,,,,,,,,,,,,,,
J1507,Adrian Arregui,MED,12-08-1992,Temperley,,,,,,,,,,,,,,,,,,,,,
J1508,Franco Diaz,MED,28-08-2000,Temperley,,,,,,,,,,,,,,,,,,,,,
J1509,Pedro Souto,DEL,05-05-2000,Temperley,,,,,,,,,,,,,,,,,,,,,
J1510,Julian Carrasco,MED,13-03-2002,Temperley,,,,,,,,,,,,,,,,,,,,,
J1511,Fernando Brandan,DEL,27-03-1990,Temperley,,,,,,,,,,,,,,,,,,,,,
J1512,Luciano Nieto,MED,19-01-1991,Temperley,,,,,,,,,,,,,,,,,,,,,
J1513,Franco Benitez,DEL,18-03-2002,Temperley,,,,,,,,,,,,,,,,,,,,,
J1514,Geronimo Tomasetti,MED,12-05-2000,Temperley,,,,,,,,,,,,,,,,,,,,,
J1515,Lucas Richarte,MED,08-11-2004,Temperley,,,,,,,,,,,,,,,,,,,,,
J1516,Alejandro Melo,DEL,11-01-1996,Temperley,,,,,,,,,,,,,,,,,,,,,
J1517,Nicolas Avalos,MED,03-05-2006,Temperley,,,,,,,,,,,,,,,,,,,,,
J1518,Roman Baigorria,MED,01-01-2007,Temperley,,,,,,,,,,,,,,,,,,,,,
J1519,Valentin Aguiñagalde,DEF,26-10-2004,Temperley,,,,,,,,,,,,,,,,,,,,,
J1520,Lucas Angelini,DEF,28-01-1995,Temperley,,,,,,,,,,,,,,,,,,,,,
J1521,Valentino Werro,DEF,06-01-2002,Temperley,,,,,,,,,,,,,,,,,,,,,
J1522,Lorenzo Monti,DEF,02-03-1998,Temperley,,,,,,,,,,,,,,,,,,,,,
J1523,Oswaldo Pacheco,DEF,29-10-2002,Temperley,,,,,,,,,,,,,,,,,,,,,
J1524,Iago Iriarte,DEF,29-05-2000,Temperley,,,,,,,,,,,,,,,,,,,,,
J1525,Rodrigo Mazur,DEF,03-01-1992,Temperley,,,,,,,,,,,,,,,,,,,,,
J1526,Franco Tirotta,DEF,22-04-2005,Temperley,,,,,,,,,,,,,,,,,,,,,
J1527,Jeronimo Pourtau,ARQ,23-01-2000,Temperley,,,,,,,,,,,,,,,,,,,,,
J1528,Ezequiel Mastrolia,ARQ,25-03-1991,Temperley,,,,,,,,,,,,,,,,,,,,,
J1529,Valentin Diaz,ARQ,19-05-2005,Temperley,,,,,,,,,,,,,,,,,,,,,
J1530,Octavio Bianchi,DEL,05-10-1995,Gimnasia de Jujuy,,,,,,,,,,,,,,,,,,,,,
J1531,Cristian Menendez,DEL,02-04-1988,Gimnasia de Jujuy,,,,,,,,,,,,,,,,,,,,,
J1532,Juan Cruz Franzoni,DEL,17-10-1999,Gimnasia de Jujuy,,,,,,,,,,,,,,,,,,,,,
J1533,Manuel Severich,DEL,07-06-2003,Gimnasia de Jujuy,,,,,,,,,,,,,,,,,,,,,
J1534,Mauro Cachi,DEL,22-08-1998,Gimnasia de Jujuy,,,,,,,,,,,,,,,,,,,,,
J1535,Pablo Argañaraz,DEL,21-07-1998,Gimnasia de Jujuy,,,,,,,,,,,,,,,,,,,,,
J1536,Federico Paradela,MED,03-07-2001,Gimnasia de Jujuy,,,,,,,,,,,,,,,,,,,,,
J1537,Agustin Alonso,DEL,24-01-2001,Gimnasia de Jujuy,,,,,,,,,,,,,,,,,,,,,
J1538,Francisco Molina,DEL,08-10-1990,Gimnasia de Jujuy,,,,,,,,,,,,,,,,,,,,,
J1539,Hugo Soria,MED,16-02-1990,Gimnasia de Jujuy,,,,,,,,,,,,,,,,,,,,,
J1540,Francisco Maidana,MED,29-12-2001,Gimnasia de Jujuy,,,,,,,,,,,,,,,,,,,,,
J1541,Claudio Pombo,MED,28-04-1994,Gimnasia de Jujuy,,,,,,,,,,,,,,,,,,,,,
J1542,Maximiliano Casa,DEL,18-02-1993,Gimnasia de Jujuy,,,,,,,,,,,,,,,,,,,,,
J1543,David Gallardo,MED,28-02-1997,Gimnasia de Jujuy,,,,,,,,,,,,,,,,,,,,,
J1544,Juan Pablo Cordoba,MED,26-06-2003,Gimnasia de Jujuy,,,,,,,,,,,,,,,,,,,,,
J1545,Gonzalo Villarreal,DEF,18-03-1998,Gimnasia de Jujuy,,,,,,,,,,,,,,,,,,,,,
J1546,Nicolas Dematei,DEF,19-11-1987,Gimnasia de Jujuy,,,,,,,,,,,,,,,,,,,,,
J1547,Joaquin Varela,DEF,25-03-1997,Gimnasia de Jujuy,,,,,,,,,,,,,,,,,,,,,
J1548,Emiliano Endrizzi,DEF,07-03-1994,Gimnasia de Jujuy,,,,,,,,,,,,,,,,,,,,,
J1549,Martin Lazarte,DEF,19-09-2005,Gimnasia de Jujuy,,,,,,,,,,,,,,,,,,,,,
J1550,Guillermo Cosaro,DEF,07-03-1989,Gimnasia de Jujuy,,,,,,,,,,,,,,,,,,,,,
J1551,Delfor Minervino,DEF,10-04-1996,Gimnasia de Jujuy,,,,,,,,,,,,,,,,,,,,,
J1552,Franco Camargo,DEF,23-09-2000,Gimnasia de Jujuy,,,,,,,,,,,,,,,,,,,,,
J1553,Diego Lopez,DEF,19-05-1992,Gimnasia de Jujuy,,,,,,,,,,,,,,,,,,,,,
J1554,Matias Ramos Mingo,ARQ,04-08-2000,Gimnasia de Jujuy,,,,,,,,,,,,,,,,,,,,,
J1555,Milton Alvarez,ARQ,26-01-1989,Gimnasia de Jujuy,,,,,,,,,,,,,,,,,,,,,
J1556,Gonzalo Gomez,ARQ,25-03-1986,Gimnasia de Jujuy,,,,,,,,,,,,,,,,,,,,,
J1557,Alejandro Quintana,DEL,20-02-1992,Atlanta,,,,,,,,,,,,,,,,,,,,,
J1558,Federico Castro,DEL,28-08-1992,Atlanta,,,,,,,,,,,,,,,,,,,,,
J1559,Ignacio Rodriguez,DEL,10-11-2004,Atlanta,,,,,,,,,,,,,,,,,,,,,
J1560,Tomas Castro Ponce,MED,04-03-2001,Atlanta,,,,,,,,,,,,,,,,,,,,,
J1561,Alejo Dramisino,MED,19-04-2000,Atlanta,,,,,,,,,,,,,,,,,,,,,
J1562,Nicolas Previtali,MED,07-07-1995,Atlanta,,,,,,,,,,,,,,,,,,,,,
J1563,Franco Caceres,MED,05-01-2000,Atlanta,,,,,,,,,,,,,,,,,,,,,
J1564,Braian Rivero,MED,22-02-1996,Atlanta,,,,,,,,,,,,,,,,,,,,,
J1565,Jere Puch,MED,15-05-1999,Atlanta,,,,,,,,,,,,,,,,,,,,,
J1566,Federico Bisanz,DEL,28-08-2001,Atlanta,,,,,,,,,,,,,,,,,,,,,
J1567,Lautaro Fedele,DEL,14-07-2001,Atlanta,,,,,,,,,,,,,,,,,,,,,
J1568,Federico Alvarez,MED,05-04-2001,Atlanta,,,,,,,,,,,,,,,,,,,,,
J1569,Christian Bernardi,MED,10-04-1990,Atlanta,,,,,,,,,,,,,,,,,,,,,
J1570,Julian Aquino,MED,27-02-2004,Atlanta,,,,,,,,,,,,,,,,,,,,,
J1571,Kevin Benitez,MED,05-01-2002,Atlanta,,,,,,,,,,,,,,,,,,,,,
J1572,Mateo Araujo,MED,17-05-2005,Atlanta,,,,,,,,,,,,,,,,,,,,,
J1573,Patricio Ostachuk,DEF,05-05-2000,Atlanta,,,,,,,,,,,,,,,,,,,,,
J1574,Leonel Galeano,DEF,02-08-1991,Atlanta,,,,,,,,,,,,,,,,,,,,,
J1575,Tomas Rojas,DEF,21-05-2002,Atlanta,,,,,,,,,,,,,,,,,,,,,
J1576,Martin Garcia,DEF,25-08-1998,Atlanta,,,,,,,,,,,,,,,,,,,,,
J1577,Rodrigo Moreira,DEF,15-07-1996,Atlanta,,,,,,,,,,,,,,,,,,,,,
J1578,Rodrigo Sosa,DEF,21-07-2002,Atlanta,,,,,,,,,,,,,,,,,,,,,
J1579,Gustavo Mendoza,DEF,24-04-1995,Atlanta,,,,,,,,,,,,,,,,,,,,,
J1580,Dylan Arguello,DEF,14-04-2004,Atlanta,,,,,,,,,,,,,,,,,,,,,
J1581,Santino Pasini,DEF,29-11-2005,Atlanta,,,,,,,,,,,,,,,,,,,,,
J1582,Thiago Herrera,DEF,01-02-2005,Atlanta,,,,,,,,,,,,,,,,,,,,,
J1583,Lautaro Lopez,ARQ,24-01-2001,Atlanta,,,,,,,,,,,,,,,,,,,,,
J1584,Juan Rago,ARQ,31-10-1988,Atlanta,,,,,,,,,,,,,,,,,,,,,
J1585,Rocco Pasquale,ARQ,26-02-2005,Atlanta,,,,,,,,,,,,,,,,,,,,,
J1586,Francisco Villafañe,ARQ,15-06-2006,Atlanta,,,,,,,,,,,,,,,,,,,,,
J1587,Lautaro Gordillo,DEL,06-04-1999,Gimnasia y Tiro de Salta,,,,,,,,,,,,,,,,,,,,,
J1588,Nicolas Contin,DEL,07-12-1995,Gimnasia y Tiro de Salta,,,,,,,,,,,,,,,,,,,,,
J1589,Juan Ignacio Capano,DEL,12-10-2003,Gimnasia y Tiro de Salta,,,,,,,,,,,,,,,,,,,,,
J1590,Juan Turletti,DEL,23-02-2005,Gimnasia y Tiro de Salta,,,,,,,,,,,,,,,,,,,,,
J1591,Walter Montoya,MED,21-07-1993,Gimnasia y Tiro de Salta,,,,,,,,,,,,,,,,,,,,,
J1592,Tiago Banega,MED,01-07-1999,Gimnasia y Tiro de Salta,,,,,,,,,,,,,,,,,,,,,
J1593,Nicolas Rinaldi,MED,23-08-1993,Gimnasia y Tiro de Salta,,,,,,,,,,,,,,,,,,,,,
J1594,Fabricio Rojas,DEL,10-11-2000,Gimnasia y Tiro de Salta,,,,,,,,,,,,,,,,,,,,,
J1595,Franco Silvetti,MED,30-05-1998,Gimnasia y Tiro de Salta,,,,,,,,,,,,,,,,,,,,,
J1596,Jonas Aguirre,DEL,05-03-1992,Gimnasia y Tiro de Salta,,,,,,,,,,,,,,,,,,,,,
J1597,Juan Rocca,DEL,14-04-2000,Gimnasia y Tiro de Salta,,,,,,,,,,,,,,,,,,,,,
J1598,Juan Capano,DEL,22-10-2003,Gimnasia y Tiro de Salta,,,,,,,,,,,,,,,,,,,,,
J1599,Matias Birge,MED,15-01-1989,Gimnasia y Tiro de Salta,,,,,,,,,,,,,,,,,,,,,
J1600,Tiago Borquez,MED,17-07-2006,Gimnasia y Tiro de Salta,,,,,,,,,,,,,,,,,,,,,
J1601,Manuel Guanini,DEF,14-02-1996,Gimnasia y Tiro de Salta,,,,,,,,,,,,,,,,,,,,,
J1602,Lautaro Montoya,DEF,07-10-1994,Gimnasia y Tiro de Salta,,,,,,,,,,,,,,,,,,,,,
J1603,Gabriel Diaz,DEF,17-10-1989,Gimnasia y Tiro de Salta,,,,,,,,,,,,,,,,,,,,,
J1604,Juan Galetto,DEF,21-09-1996,Gimnasia y Tiro de Salta,,,,,,,,,,,,,,,,,,,,,
J1605,Juan Cruz Oviedo,DEF,28-02-2006,Gimnasia y Tiro de Salta,,,,,,,,,,,,,,,,,,,,,
J1606,Gonzalo Soto,DEF,03-04-1990,Gimnasia y Tiro de Salta,,,,,,,,,,,,,,,,,,,,,
J1607,Ivo Chaves,DEF,30-06-1993,Gimnasia y Tiro de Salta,,,,,,,,,,,,,,,,,,,,,
J1608,Ruben Villarreal,DEF,23-02-1991,Gimnasia y Tiro de Salta,,,,,,,,,,,,,,,,,,,,,
J1609,Adolfo Tallura,DEF,10-04-1987,Gimnasia y Tiro de Salta,,,,,,,,,,,,,,,,,,,,,
J1610,Joaquin Papaleo,ARQ,23-03-1994,Gimnasia y Tiro de Salta,,,,,,,,,,,,,,,,,,,,,
J1611,Federico Cosentino,ARQ,01-09-1987,Gimnasia y Tiro de Salta,,,,,,,,,,,,,,,,,,,,,
J1612,Santiago Nogales,ARQ,27-12-1997,Gimnasia y Tiro de Salta,,,,,,,,,,,,,,,,,,,,,
J1613,Santino Primante,DEL,20-12-2004,Midland,,,,,,,,,,,,,,,,,,,,,
J1614,Jeremias Perales,DEL,10-11-2000,Midland,,,,,,,,,,,,,,,,,,,,,
J1615,Ezequiel Bulacio,DEL,10-01-2002,Midland,,,,,,,,,,,,,,,,,,,,,
J1616,Rodrigo Cao,DEL,22-02-2001,Midland,,,,,,,,,,,,,,,,,,,,,
J1617,Matteo Cucinotta,DEL,02-09-2004,Midland,,,,,,,,,,,,,,,,,,,,,
J1618,Valentino Madalon,DEL,11-05-2005,Midland,,,,,,,,,,,,,,,,,,,,,
J1619,Uriel Burns,DEL,27-06-2004,Midland,,,,,,,,,,,,,,,,,,,,,
J1620,Marcos Roseti,MED,03-08-1997,Midland,,,,,,,,,,,,,,,,,,,,,
J1621,Facundo Marin,MED,20-10-2000,Midland,,,,,,,,,,,,,,,,,,,,,
J1622,Ramiro Luna,MED,21-07-1995,Midland,,,,,,,,,,,,,,,,,,,,,
J1623,Matias Flores,MED,25-08-2000,Midland,,,,,,,,,,,,,,,,,,,,,
J1624,Diego Guzman,MED,12-10-2005,Midland,,,,,,,,,,,,,,,,,,,,,
J1625,Mauro Frattini,MED,18-07-1990,Midland,,,,,,,,,,,,,,,,,,,,,
J1626,Nicolas Violini,MED,24-06-2000,Midland,,,,,,,,,,,,,,,,,,,,,
J1627,Jesus Camaño,MED,01-01-2002,Midland,,,,,,,,,,,,,,,,,,,,,
J1628,Dylan Aguilar,MED,23-02-2004,Midland,,,,,,,,,,,,,,,,,,,,,
J1629,Matias Abbruzzese,MED,05-03-2001,Midland,,,,,,,,,,,,,,,,,,,,,
J1630,Isaias Andrada,DEF,12-02-2003,Midland,,,,,,,,,,,,,,,,,,,,,
J1631,Luciano Recalde,DEF,12-08-1995,Midland,,,,,,,,,,,,,,,,,,,,,
J1632,Genaro Cepeda,DEF,10-08-2000,Midland,,,,,,,,,,,,,,,,,,,,,
J1633,Joel Canalda,DEF,14-03-2005,Midland,,,,,,,,,,,,,,,,,,,,,
J1634,Mariano Peinipil,DEF,29-07-2003,Midland,,,,,,,,,,,,,,,,,,,,,
J1635,Pablo Casarico,DEF,25-04-2001,Midland,,,,,,,,,,,,,,,,,,,,,
J1636,Emilio Porro,DEF,27-05-1996,Midland,,,,,,,,,,,,,,,,,,,,,
J1637,Lautaro Laharque,DEF,06-09-1995,Midland,,,,,,,,,,,,,,,,,,,,,
J1638,Tomas Muia,DEF,21-01-2004,Midland,,,,,,,,,,,,,,,,,,,,,
J1639,Pedro Castorani,DEF,24-04-2003,Midland,,,,,,,,,,,,,,,,,,,,,
J1640,Bautista Lamosa,DEF,16-12-2004,Midland,,,,,,,,,,,,,,,,,,,,,
J1641,Mirko Olavarria,DEF,27-12-2004,Midland,,,,,,,,,,,,,,,,,,,,,
J1642,Ignacio Locciazano,DEF,07-05-2004,Midland,,,,,,,,,,,,,,,,,,,,,
J1643,Mauro Leguiza,ARQ,14-08-1993,Midland,,,,,,,,,,,,,,,,,,,,,
J1644,Lucas Escobar,ARQ,16-05-2002,Midland,,,,,,,,,,,,,,,,,,,,,
J1645,Santiago Garcia,ARQ,11-11-2004,Midland,,,,,,,,,,,,,,,,,,,,,
J1646,Nahuel Avedaño,ARQ,13-09-1994,Midland,,,,,,,,,,,,,,,,,,,,,
J1647,Nazareno Funez,DEL,02-06-2001,San Martin de San Juan,,,,,,,,,,,,,,,,,,,,,
J1648,Franco Coronel,DEL,08-07-1993,San Martin de San Juan,,,,,,,,,,,,,,,,,,,,,
J1649,Genaro Rossi,DEL,02-07-2002,San Martin de San Juan,,,,,,,,,,,,,,,,,,,,,
J1650,Luciano Riveros,DEL,06-05-2004,San Martin de San Juan,,,,,,,,,,,,,,,,,,,,,
J1651,Rodrigo Nieva,DEL,31-01-2006,San Martin de San Juan,,,,,,,,,,,,,,,,,,,,,
J1652,Lautaro Aguero,DEL,14-07-2003,San Martin de San Juan,,,,,,,,,,,,,,,,,,,,,
J1653,Luciano Ferreyra,MED,19-02-2002,San Martin de San Juan,,,,,,,,,,,,,,,,,,,,,
J1654,Guillermo Acosta,MED,31-10-1988,San Martin de San Juan,,,,,,,,,,,,,,,,,,,,,
J1655,Gabriel Hachen,MED,16-10-1990,San Martin de San Juan,,,,,,,,,,,,,,,,,,,,,
J1656,Sebastian Jaurena,MED,22-07-1999,San Martin de San Juan,,,,,,,,,,,,,,,,,,,,,
J1657,Sebastian Gonzalez,MED,04-03-1992,San Martin de San Juan,,,,,,,,,,,,,,,,,,,,,
J1658,Bruno Juncos,DEL,22-01-2002,San Martin de San Juan,,,,,,,,,,,,,,,,,,,,,
J1659,Ramiro Rumbolo,MED,13-11-2003,San Martin de San Juan,,,,,,,,,,,,,,,,,,,,,
J1660,Leonardo Monje,MED,26-03-2002,San Martin de San Juan,,,,,,,,,,,,,,,,,,,,,
J1661,Diego Mercado,MED,03-01-1997,San Martin de San Juan,,,,,,,,,,,,,,,,,,,,,
J1662,Lucas Acosta,MED,19-04-2005,San Martin de San Juan,,,,,,,,,,,,,,,,,,,,,
J1663,Nicolas Pelaitay,MED,27-12-1992,San Martin de San Juan,,,,,,,,,,,,,,,,,,,,,
J1664,Carlo Lattanzio,DEL,25-07-1997,San Martin de San Juan,,,,,,,,,,,,,,,,,,,,,
J1665,Nicolas Iachetti,MED,21-04-2000,San Martin de San Juan,,,,,,,,,,,,,,,,,,,,,
J1666,Nicolaz Paz,DEF,16-10-2002,San Martin de San Juan,,,,,,,,,,,,,,,,,,,,,
J1667,Manuel Cocca,DEF,08-11-2002,San Martin de San Juan,,,,,,,,,,,,,,,,,,,,,
J1668,Emanuel Aguilera,DEF,11-06-1989,San Martin de San Juan,,,,,,,,,,,,,,,,,,,,,
J1669,Hernan Zuliani,DEF,01-12-2003,San Martin de San Juan,,,,,,,,,,,,,,,,,,,,,
J1670,Mauro Osores,DEF,20-02-1997,San Martin de San Juan,,,,,,,,,,,,,,,,,,,,,
J1671,Facundo Nadalin,DEF,16-08-1997,San Martin de San Juan,,,,,,,,,,,,,,,,,,,,,
J1672,Julian Marchio,DEF,14-10-2000,San Martin de San Juan,,,,,,,,,,,,,,,,,,,,,
J1673,Leonel Alvarez,DEF,25-03-1996,San Martin de San Juan,,,,,,,,,,,,,,,,,,,,,
J1674,Federico Murillo,DEF,04-01-1997,San Martin de San Juan,,,,,,,,,,,,,,,,,,,,,
J1675,Gonzalo Lucero,DEF,29-11-2003,San Martin de San Juan,,,,,,,,,,,,,,,,,,,,,
J1676,Sebastian Diaz,ARQ,01-11-2003,San Martin de San Juan,,,,,,,,,,,,,,,,,,,,,
J1677,Lautaro Garzon,ARQ,30-07-2003,San Martin de San Juan,,,,,,,,,,,,,,,,,,,,,
J1678,Maximiliano Velazco,ARQ,08-03-1995,San Martin de San Juan,,,,,,,,,,,,,,,,,,,,,
J1679,Federico Bonansea,ARQ,13-03-1998,San Martin de San Juan,,,,,,,,,,,,,,,,,,,,,
J1680,Lisandro Cabrera,DEL,04-01-1998,Deportivo Maipu,,,,,,,,,,,,,,,,,,,,,
J1681,Juan Cruz Giacone,DEL,09-01-2004,Deportivo Maipu,,,,,,,,,,,,,,,,,,,,,
J1682,Diego Yavante,DEL,12-05-2005,Deportivo Maipu,,,,,,,,,,,,,,,,,,,,,
J1683,Aaron Vera,DEL,07-12-2006,Deportivo Maipu,,,,,,,,,,,,,,,,,,,,,
J1684,Enzo Perez,MED,22-02-1986,Deportivo Maipu,,,,,,,,,,,,,,,,,,,,,
J1685,Mirko Bonfigli,MED,13-05-2004,Deportivo Maipu,,,,,,,,,,,,,,,,,,,,,
J1686,Franco Saccone,DEL,19-12-2001,Deportivo Maipu,,,,,,,,,,,,,,,,,,,,,
J1687,Brian Orosco,MED,28-02-1998,Deportivo Maipu,,,,,,,,,,,,,,,,,,,,,
J1688,Matias Viguet,MED,30-05-1998,Deportivo Maipu,,,,,,,,,,,,,,,,,,,,,
J1689,Juan Pablo Gobetto,MED,21-04-1996,Deportivo Maipu,,,,,,,,,,,,,,,,,,,,,
J1690,Juan Cruz Arno,MED,01-01-2004,Deportivo Maipu,,,,,,,,,,,,,,,,,,,,,
J1691,Tomas Silva,DEL,12-01-2001,Deportivo Maipu,,,,,,,,,,,,,,,,,,,,,
J1692,Gaston Mansilla,MED,30-05-1997,Deportivo Maipu,,,,,,,,,,,,,,,,,,,,,
J1693,Fausto Montero,MED,22-10-1988,Deportivo Maipu,,,,,,,,,,,,,,,,,,,,,
J1694,Luca Landriel,MED,18-05-2005,Deportivo Maipu,,,,,,,,,,,,,,,,,,,,,
J1695,Julian Vera,MED,02-05-2003,Deportivo Maipu,,,,,,,,,,,,,,,,,,,,,
J1696,Ian Sambueza,MED,19-05-2004,Deportivo Maipu,,,,,,,,,,,,,,,,,,,,,
J1697,Aron Aguero,DEF,28-12-2002,Deportivo Maipu,,,,,,,,,,,,,,,,,,,,,
J1698,Lucas Faggioli,DEF,11-02-1997,Deportivo Maipu,,,,,,,,,,,,,,,,,,,,,
J1699,Mateo Ortale,DEF,19-02-2002,Deportivo Maipu,,,,,,,,,,,,,,,,,,,,,
J1700,Luciano Arnijas,DEF,20-03-2003,Deportivo Maipu,,,,,,,,,,,,,,,,,,,,,
J1701,Nicolas Fernandez,DEF,11-02-2002,Deportivo Maipu,,,,,,,,,,,,,,,,,,,,,
J1702,Tiago Ferreyra,DEF,17-04-2002,Deportivo Maipu,,,,,,,,,,,,,,,,,,,,,
J1703,Juan De La Reta,DEF,02-05-2005,Deportivo Maipu,,,,,,,,,,,,,,,,,,,,,
J1704,Santiago Paulini,DEF,30-03-2002,Deportivo Maipu,,,,,,,,,,,,,,,,,,,,,
J1705,Agustin Leiva,DEF,20-05-2005,Deportivo Maipu,,,,,,,,,,,,,,,,,,,,,
J1706,Nahuel Galardi,ARQ,15-05-2002,Deportivo Maipu,,,,,,,,,,,,,,,,,,,,,
J1707,Luciano Peraggini,ARQ,13-02-2002,Deportivo Maipu,,,,,,,,,,,,,,,,,,,,,
J1708,Agustin Pavon,ARQ,06-07-2004,Deportivo Maipu,,,,,,,,,,,,,,,,,,,,,
J1709,Mateo Mamani,DEL,06-06-2002,Colegiales,,,,,,,,,,,,,,,,,,,,,
J1710,Nicolas Toloza,DEL,06-11-1998,Colegiales,,,,,,,,,,,,,,,,,,,,,
J1711,Lucas Juarez,DEL,23-12-2005,Colegiales,,,,,,,,,,,,,,,,,,,,,
J1712,Rodrigo Monserrat,DEL,02-12-2000,Colegiales,,,,,,,,,,,,,,,,,,,,,
J1713,Tomas Perri,DEL,21-10-2008,Colegiales,,,,,,,,,,,,,,,,,,,,,
J1714,Mauro Albertengo,DEL,04-01-1990,Colegiales,,,,,,,,,,,,,,,,,,,,,
J1715,Brian Romero,DEL,30-06-2004,Colegiales,,,,,,,,,,,,,,,,,,,,,
J1716,Lucas Riccioti,DEL,15-04-2003,Colegiales,,,,,,,,,,,,,,,,,,,,,
J1717,Elias Ocampo,MED,26-02-2004,Colegiales,,,,,,,,,,,,,,,,,,,,,
J1718,Franco Zicarelli,MED,27-03-2002,Colegiales,,,,,,,,,,,,,,,,,,,,,
J1719,Lucio Castillo,MED,11-01-2002,Colegiales,,,,,,,,,,,,,,,,,,,,,
J1720,Mateo Ramirez,MED,18-01-1995,Colegiales,,,,,,,,,,,,,,,,,,,,,
J1721,Federico Marin,MED,24-03-1998,Colegiales,,,,,,,,,,,,,,,,,,,,,
J1722,Enzo Trinidad,MED,19-09-1996,Colegiales,,,,,,,,,,,,,,,,,,,,,
J1723,Facundo Montiel,MED,21-10-2004,Colegiales,,,,,,,,,,,,,,,,,,,,,
J1724,Tomas Almada,MED,09-06-2005,Colegiales,,,,,,,,,,,,,,,,,,,,,
J1725,Leonardo Gonzalez,DEL,03-04-2001,Colegiales,,,,,,,,,,,,,,,,,,,,,
J1726,Fernando Miranda,MED,14-10-1997,Colegiales,,,,,,,,,,,,,,,,,,,,,
J1727,Alejo Acevedo,MED,14-07-2009,Colegiales,,,,,,,,,,,,,,,,,,,,,
J1728,Emanuel Insua,DEF,09-04-1991,Colegiales,,,,,,,,,,,,,,,,,,,,,
J1729,Franco Hanashiro,DEF,10-08-2001,Colegiales,,,,,,,,,,,,,,,,,,,,,
J1730,Leonel Ortiz,DEF,23-02-2002,Colegiales,,,,,,,,,,,,,,,,,,,,,
J1731,Facundo Rivero,DEF,07-08-1993,Colegiales,,,,,,,,,,,,,,,,,,,,,
J1732,Franco Malagueño,DEF,10-10-1998,Colegiales,,,,,,,,,,,,,,,,,,,,,
J1733,Leandro Montagnoli,DEF,21-04-1987,Colegiales,,,,,,,,,,,,,,,,,,,,,
J1734,Emilio Di Fulvio,ARQ,17-05-1995,Colegiales,,,,,,,,,,,,,,,,,,,,,
J1735,Augusto Alcorcel,ARQ,14-08-2000,Colegiales,,,,,,,,,,,,,,,,,,,,,
J1736,Gustavo Calderari,ARQ,16-02-2004,Colegiales,,,,,,,,,,,,,,,,,,,,,
J1737,Santiago Coronel,ARQ,28-08-2003,Colegiales,,,,,,,,,,,,,,,,,,,,,
J1738,Alexis Rodriguez,DEL,21-03-1996,Atletico Rafaela,,,,,,,,,,,,,,,,,,,,,
J1739,Martiniano Moreno,DEL,14-05-2003,Atletico Rafaela,,,,,,,,,,,,,,,,,,,,,
J1740,Mauro Quiroga,DEL,07-12-1989,Atletico Rafaela,,,,,,,,,,,,,,,,,,,,,
J1741,Lucas Albertengo,DEL,30-01-1991,Atletico Rafaela,,,,,,,,,,,,,,,,,,,,,
J1742,Agustin Obando,DEL,11-03-2000,Atletico Rafaela,,,,,,,,,,,,,,,,,,,,,
J1743,Juan Ignacio Cavallaro,DEL,28-06-1994,Atletico Rafaela,,,,,,,,,,,,,,,,,,,,,
J1744,Gabriel Esparza,DEL,30-01-1993,Atletico Rafaela,,,,,,,,,,,,,,,,,,,,,
J1745,Matias Pardo,DEL,07-04-1995,Atletico Rafaela,,,,,,,,,,,,,,,,,,,,,
J1746,Matias Morello,MED,12-02-2001,Atletico Rafaela,,,,,,,,,,,,,,,,,,,,,
J1747,Ijiel Protti,DEL,31-01-1995,Atletico Rafaela,,,,,,,,,,,,,,,,,,,,,
J1748,Nahuel Cainelli,DEL,18-08-1994,Atletico Rafaela,,,,,,,,,,,,,,,,,,,,,
J1749,Federico Jourdan,DEL,13-01-1991,Atletico Rafaela,,,,,,,,,,,,,,,,,,,,,
J1750,Facundo Soloa,MED,03-11-1996,Atletico Rafaela,,,,,,,,,,,,,,,,,,,,,
J1751,Marcos Fernandez,MED,20-04-1993,Atletico Rafaela,,,,,,,,,,,,,,,,,,,,,
J1752,Thomas Rojas,MED,27-05-2005,Atletico Rafaela,,,,,,,,,,,,,,,,,,,,,
J1753,Juan Capurro,MED,19-07-1994,Atletico Rafaela,,,,,,,,,,,,,,,,,,,,,
J1754,Damiano Jaime,MED,01-03-2006,Atletico Rafaela,,,,,,,,,,,,,,,,,,,,,
J1755,Valentino Arro,MED,28-04-2005,Atletico Rafaela,,,,,,,,,,,,,,,,,,,,,
J1756,Nicolas Ramos,DEF,10-03-1999,Atletico Rafaela,,,,,,,,,,,,,,,,,,,,,
J1757,Enzo Wuattier,DEF,27-04-2005,Atletico Rafaela,,,,,,,,,,,,,,,,,,,,,
J1758,Ulises Yegros,DEF,21-04-2001,Atletico Rafaela,,,,,,,,,,,,,,,,,,,,,
J1759,Ariel Gonzalez,DEF,16-08-2005,Atletico Rafaela,,,,,,,,,,,,,,,,,,,,,
J1760,Lorenzo Moscoloni,DEF,29-01-2004,Atletico Rafaela,,,,,,,,,,,,,,,,,,,,,
J1761,Roque Ramirez,DEF,16-08-1999,Atletico Rafaela,,,,,,,,,,,,,,,,,,,,,
J1762,Leonardo Flores,DEF,17-03-1997,Atletico Rafaela,,,,,,,,,,,,,,,,,,,,,
J1763,Gabriel Fernandez,DEF,03-04-1992,Atletico Rafaela,,,,,,,,,,,,,,,,,,,,,
J1764,Fernando Ponce,DEF,23-07-1992,Atletico Rafaela,,,,,,,,,,,,,,,,,,,,,
J1765,Ignacio Schaab,DEF,17-01-2002,Atletico Rafaela,,,,,,,,,,,,,,,,,,,,,
J1766,Agustin Solveyra,DEF,04-01-2001,Atletico Rafaela,,,,,,,,,,,,,,,,,,,,,
J1767,Valentin Mondino,DEF,09-08-2005,Atletico Rafaela,,,,,,,,,,,,,,,,,,,,,
J1768,Ramiro Fernandez,ARQ,18-04-1991,Atletico Rafaela,,,,,,,,,,,,,,,,,,,,,
J1769,Mayco Bergia,ARQ,30-07-2001,Atletico Rafaela,,,,,,,,,,,,,,,,,,,,,
J1770,Lautaro Ovando,DEL,10-02-2003,San Martin de Tucuman,,,,,,,,,,,,,,,,,,,,,
J1771,Diego Diellos,DEL,24-09-1993,San Martin de Tucuman,,,,,,,,,,,,,,,,,,,,,
J1772,Luca Arfaras,DEL,09-02-2006,San Martin de Tucuman,,,,,,,,,,,,,,,,,,,,,
J1773,Nicolas Moreno,DEL,08-03-2001,San Martin de Tucuman,,,,,,,,,,,,,,,,,,,,,
J1774,Mauro Veron,DEL,29-01-1999,San Martin de Tucuman,,,,,,,,,,,,,,,,,,,,,
J1775,Leonel Sir,DEL,13-11-2008,San Martin de Tucuman,,,,,,,,,,,,,,,,,,,,,
J1776,Gabriel Carabajal,MED,09-12-1991,San Martin de Tucuman,,,,,,,,,,,,,,,,,,,,,
J1777,Kevin Lopez,MED,28-12-2001,San Martin de Tucuman,,,,,,,,,,,,,,,,,,,,,
J1778,Bruno Cabrera,DEL,21-06-2003,San Martin de Tucuman,,,,,,,,,,,,,,,,,,,,,
J1779,Matias Garcia,MED,22-10-1991,San Martin de Tucuman,,,,,,,,,,,,,,,,,,,,,
J1780,Nicolas Castro,MED,15-08-1990,San Martin de Tucuman,,,,,,,,,,,,,,,,,,,,,
J1781,Alan Cisneros,MED,31-03-2004,San Martin de Tucuman,,,,,,,,,,,,,,,,,,,,,
J1782,Milton Rios,MED,15-04-2004,San Martin de Tucuman,,,,,,,,,,,,,,,,,,,,,
J1783,Matias Garcia,MED,11-11-1995,San Martin de Tucuman,,,,,,,,,,,,,,,,,,,,,
J1784,Gonzalo Rodriguez,DEL,18-09-1990,San Martin de Tucuman,,,,,,,,,,,,,,,,,,,,,
J1785,Laureano Rodriguez,MED,23-11-2002,San Martin de Tucuman,,,,,,,,,,,,,,,,,,,,,
J1786,Alvaro Veliez,DEL,06-05-1995,San Martin de Tucuman,,,,,,,,,,,,,,,,,,,,,
J1787,Agustin Graneros,MED,31-05-2001,San Martin de Tucuman,,,,,,,,,,,,,,,,,,,,,
J1788,Santiago Briñone,MED,28-12-1996,San Martin de Tucuman,,,,,,,,,,,,,,,,,,,,,
J1789,Jorge Juarez,MED,06-03-1996,San Martin de Tucuman,,,,,,,,,,,,,,,,,,,,,
J1790,Octavio Zamora,MED,01-12-2008,San Martin de Tucuman,,,,,,,,,,,,,,,,,,,,,
J1791,Martiniano Altamiranda,MED,21-01-2004,San Martin de Tucuman,,,,,,,,,,,,,,,,,,,,,
J1792,Nahuel Gallardo,DEF,09-05-1998,San Martin de Tucuman,,,,,,,,,,,,,,,,,,,,,
J1793,Victor Salazar,DEF,26-05-1993,San Martin de Tucuman,,,,,,,,,,,,,,,,,,,,,
J1794,Nicolas Ferreyra,DEF,30-03-1993,San Martin de Tucuman,,,,,,,,,,,,,,,,,,,,,
J1795,Ezequiel Parnisari,DEF,01-06-1990,San Martin de Tucuman,,,,,,,,,,,,,,,,,,,,,
J1796,Rodrigo Ayala,DEF,11-08-1994,San Martin de Tucuman,,,,,,,,,,,,,,,,,,,,,
J1797,Guillermo Rodriguez,DEF,04-07-2002,San Martin de Tucuman,,,,,,,,,,,,,,,,,,,,,
J1798,Anibal Paz,DEF,08-10-2002,San Martin de Tucuman,,,,,,,,,,,,,,,,,,,,,
J1799,Dario Sand,ARQ,04-02-1988,San Martin de Tucuman,,,,,,,,,,,,,,,,,,,,,
J1800,Nahuel Manganelli,ARQ,19-02-2001,San Martin de Tucuman,,,,,,,,,,,,,,,,,,,,,
J1801,Juan Jaime,ARQ,02-01-1998,San Martin de Tucuman,,,,,,,,,,,,,,,,,,,,,
J1802,Agustin Lavezzi,DEL,15-01-1996,Quilmes,,,,,,,,,,,,,,,,,,,,,
J1803,Aaron Spetale,DEL,28-05-2000,Quilmes,,,,,,,,,,,,,,,,,,,,,
J1804,Gabriel Vazquez,DEL,21-04-2008,Quilmes,,,,,,,,,,,,,,,,,,,,,
J1805,Jano Coronel,DEL,05-02-2004,Quilmes,,,,,,,,,,,,,,,,,,,,,
J1806,Pio Bonacci,DEL,26-10-1998,Quilmes,,,,,,,,,,,,,,,,,,,,,
J1807,Gonzalo Vega,DEL,08-08-2007,Quilmes,,,,,,,,,,,,,,,,,,,,,
J1808,Juan Yangali,MED,02-03-2000,Quilmes,,,,,,,,,,,,,,,,,,,,,
J1809,Axel Batista,DEL,09-05-2002,Quilmes,,,,,,,,,,,,,,,,,,,,,
J1810,Ulises Vera,MED,21-10-2003,Quilmes,,,,,,,,,,,,,,,,,,,,,
J1811,Ramiro Martinez,MED,27-09-2003,Quilmes,,,,,,,,,,,,,,,,,,,,,
J1812,Mauro Fernandez,DEL,31-03-1989,Quilmes,,,,,,,,,,,,,,,,,,,,,
J1813,Agustin Bolivar,MED,09-01-1996,Quilmes,,,,,,,,,,,,,,,,,,,,,
J1814,Facundo Yozwiak,MED,20-02-2007,Quilmes,,,,,,,,,,,,,,,,,,,,,
J1815,Thomas Ortega,DEF,06-12-2000,Quilmes,,,,,,,,,,,,,,,,,,,,,
J1816,Joaquin Novillo,DEF,19-02-1998,Quilmes,,,,,,,,,,,,,,,,,,,,,
J1817,Nicolas Colazo,DEF,08-07-1990,Quilmes,,,,,,,,,,,,,,,,,,,,,
J1818,Lucas Romeo,DEF,14-05-2004,Quilmes,,,,,,,,,,,,,,,,,,,,,
J1819,Martin Vallejos,DEF,25-12-2000,Quilmes,,,,,,,,,,,,,,,,,,,,,
J1820,Agustin Ortega,DEF,29-08-2005,Quilmes,,,,,,,,,,,,,,,,,,,,,
J1821,Agustin Bindella,DEF,05-03-2001,Quilmes,,,,,,,,,,,,,,,,,,,,,
J1822,Ariel Kippes,DEF,25-02-1994,Quilmes,,,,,,,,,,,,,,,,,,,,,
J1823,Esteban Glellel,ARQ,08-01-1999,Quilmes,,,,,,,,,,,,,,,,,,,,,
J1824,Gonzalo Marinelli,ARQ,07-02-1989,Quilmes,,,,,,,,,,,,,,,,,,,,,
J1825,Joaquin Canadell,ARQ,19-04-2003,Quilmes,,,,,,,,,,,,,,,,,,,,,
J1826,Carlos Auzqui,DEL,16-03-1991,Agropecuario,,,,,,,,,,,,,,,,,,,,,
J1827,Brian Blando,DEL,01-04-1995,Agropecuario,,,,,,,,,,,,,,,,,,,,,
J1828,Alejandro Gagliardi,DEL,06-08-1989,Agropecuario,,,,,,,,,,,,,,,,,,,,,
J1829,Jarol Heritier,DEL,01-03-2004,Agropecuario,,,,,,,,,,,,,,,,,,,,,
J1830,Oscar Belinetz,DEL,07-01-1995,Agropecuario,,,,,,,,,,,,,,,,,,,,,
J1831,Lorenzo Barrera,DEL,27-01-2003,Agropecuario,,,,,,,,,,,,,,,,,,,,,
J1832,Juan Cruz Vega,DEL,09-06-1998,Agropecuario,,,,,,,,,,,,,,,,,,,,,
J1833,Rodrigo Castro,MED,11-06-1993,Agropecuario,,,,,,,,,,,,,,,,,,,,,
J1834,Antonio Napolitano,MED,16-02-1999,Agropecuario,,,,,,,,,,,,,,,,,,,,,
J1835,Jorge Valdez,MED,26-05-1994,Agropecuario,,,,,,,,,,,,,,,,,,,,,
J1836,Santiago Gallucci,MED,08-03-1991,Agropecuario,,,,,,,,,,,,,,,,,,,,,
J1837,Rodrigo Mosqueira,MED,05-08-1995,Agropecuario,,,,,,,,,,,,,,,,,,,,,
J1838,Enzo Aguirre,MED,03-08-2003,Agropecuario,,,,,,,,,,,,,,,,,,,,,
J1839,Braian Aranda,MED,06-11-2003,Agropecuario,,,,,,,,,,,,,,,,,,,,,
J1840,Diego Vazquez,MED,11-09-2000,Agropecuario,,,,,,,,,,,,,,,,,,,,,
J1841,Damian Lemos,MED,30-01-1989,Agropecuario,,,,,,,,,,,,,,,,,,,,,
J1842,Martin Corda,MED,07-01-2005,Agropecuario,,,,,,,,,,,,,,,,,,,,,
J1843,Brian Rojas,MED,21-06-2004,Agropecuario,,,,,,,,,,,,,,,,,,,,,
J1844,Danilo Ruiz Diaz,MED,15-04-2003,Agropecuario,,,,,,,,,,,,,,,,,,,,,
J1845,Tomas Lecanda,DEF,29-01-2002,Agropecuario,,,,,,,,,,,,,,,,,,,,,
J1846,Federico Perez,DEF,05-03-2004,Agropecuario,,,,,,,,,,,,,,,,,,,,,
J1847,Alan Aguirre,DEF,13-08-1993,Agropecuario,,,,,,,,,,,,,,,,,,,,,
J1848,Fernando Gonzalez,DEF,25-09-1988,Agropecuario,,,,,,,,,,,,,,,,,,,,,
J1849,Alan Perez,DEF,20-04-1991,Agropecuario,,,,,,,,,,,,,,,,,,,,,
J1850,Facundo Sanchez,DEF,24-07-2003,Agropecuario,,,,,,,,,,,,,,,,,,,,,
J1851,Milton Ramos,DEF,11-08-1994,Agropecuario,,,,,,,,,,,,,,,,,,,,,
J1852,Matias Molina,DEF,13-06-1993,Agropecuario,,,,,,,,,,,,,,,,,,,,,
J1853,Jorge Manuel Cabello,DEF,20-01-2003,Agropecuario,,,,,,,,,,,,,,,,,,,,,
J1854,Danilo Actis,DEF,22-08-2002,Agropecuario,,,,,,,,,,,,,,,,,,,,,
J1855,Luciano Acosta,ARQ,05-03-2004,Agropecuario,,,,,,,,,,,,,,,,,,,,,
J1856,German Salort,ARQ,14-10-1988,Agropecuario,,,,,,,,,,,,,,,,,,,,,
J1857,Alejo Medina,ARQ,18-09-2003,Agropecuario,,,,,,,,,,,,,,,,,,,,,
J1858,Facundo De La Vega,DEL,15-04-2003,Almagro,,,,,,,,,,,,,,,,,,,,,
J1859,Tiziano Dornell,DEL,23-06-2005,Almagro,,,,,,,,,,,,,,,,,,,,,
J1860,Joel Orlando,DEL,27-10-2005,Almagro,,,,,,,,,,,,,,,,,,,,,
J1861,Tobias Canale,DEL,10-03-2006,Almagro,,,,,,,,,,,,,,,,,,,,,
J1862,Julian Marchioni,MED,11-03-1993,Almagro,,,,,,,,,,,,,,,,,,,,,
J1863,Matias Laba,MED,11-12-1991,Almagro,,,,,,,,,,,,,,,,,,,,,
J1864,Franco Bustamante,MED,15-03-1999,Almagro,,,,,,,,,,,,,,,,,,,,,
J1865,Juan Martin Fernandez,MED,07-07-2005,Almagro,,,,,,,,,,,,,,,,,,,,,
J1866,Claudio Salto,MED,04-01-1995,Almagro,,,,,,,,,,,,,,,,,,,,,
J1867,Tobias Macies,MED,29-10-2000,Almagro,,,,,,,,,,,,,,,,,,,,,
J1868,Thiago Lopez,MED,14-07-2004,Almagro,,,,,,,,,,,,,,,,,,,,,
J1869,Enzo Martinez,MED,09-09-1996,Almagro,,,,,,,,,,,,,,,,,,,,,
J1870,Jeremias Bustos,MED,18-07-2003,Almagro,,,,,,,,,,,,,,,,,,,,,
J1871,Santino Sparapani,MED,18-01-2009,Almagro,,,,,,,,,,,,,,,,,,,,,
J1872,Francisco Marco,DEF,27-06-2003,Almagro,,,,,,,,,,,,,,,,,,,,,
J1873,Brian Negro,DEF,08-09-1997,Almagro,,,,,,,,,,,,,,,,,,,,,
J1874,Nicolas Tolosa,DEF,31-05-2001,Almagro,,,,,,,,,,,,,,,,,,,,,
J1875,Gonzalo Asis,DEF,28-03-1996,Almagro,,,,,,,,,,,,,,,,,,,,,
J1876,Matias Cortave,DEF,27-06-1992,Almagro,,,,,,,,,,,,,,,,,,,,,
J1877,Julian Vitale,MED,21-06-1992,Almagro,,,,,,,,,,,,,,,,,,,,,
J1878,Enzo Silcan,DEF,27-05-2000,Almagro,,,,,,,,,,,,,,,,,,,,,
J1879,Aldo Rimbelitti,DEF,10-01-2004,Almagro,,,,,,,,,,,,,,,,,,,,,
J1880,Santiago Chamorro,DEF,30-05-2003,Almagro,,,,,,,,,,,,,,,,,,,,,
J1881,Pedro Blanco,DEF,02-05-2005,Almagro,,,,,,,,,,,,,,,,,,,,,
J1882,Emiliano Gonzalez,ARQ,29-05-1998,Almagro,,,,,,,,,,,,,,,,,,,,,
J1883,Francio Mangudo,ARQ,27-07-2005,Almagro,,,,,,,,,,,,,,,,,,,,,
J1884,Sebastian Anchoverri,ARQ,26-04-1991,Almagro,,,,,,,,,,,,,,,,,,,,,
J1885,Juan Sanchez Sotelo,DEL,02-10-1987,Guemes SdE,,,,,,,,,,,,,,,,,,,,,
J1886,Santiago Sala,DEL,29-11-2001,Guemes SdE,,,,,,,,,,,,,,,,,,,,,
J1887,Bautista Gerez,DEL,13-01-2007,Guemes SdE,,,,,,,,,,,,,,,,,,,,,
J1888,Ciro Leineker,DEL,31-05-2002,Guemes SdE,,,,,,,,,,,,,,,,,,,,,
J1889,Lucas Guiñazu,MED,25-08-2006,Guemes SdE,,,,,,,,,,,,,,,,,,,,,
J1890,Fernando Godoy,MED,01-05-1990,Guemes SdE,,,,,,,,,,,,,,,,,,,,,
J1891,Maico Quiroz,MED,20-11-2001,Guemes SdE,,,,,,,,,,,,,,,,,,,,,
J1892,Gianfranco Baier,MED,18-02-1999,Guemes SdE,,,,,,,,,,,,,,,,,,,,,
J1893,Santiago Farrera,MED,03-11-2005,Guemes SdE,,,,,,,,,,,,,,,,,,,,,
J1894,Gianluca Pugliese,DEL,07-03-1994,Guemes SdE,,,,,,,,,,,,,,,,,,,,,
J1895,David Veliz,MED,30-06-2000,Guemes SdE,,,,,,,,,,,,,,,,,,,,,
J1896,Franco Berges,MED,30-06-2001,Guemes SdE,,,,,,,,,,,,,,,,,,,,,
J1897,Milton Gerez,MED,26-12-1997,Guemes SdE,,,,,,,,,,,,,,,,,,,,,
J1898,Ivan Ortigoza,MED,11-03-1995,Guemes SdE,,,,,,,,,,,,,,,,,,,,,
J1899,Rodrigo Silisque,MED,12-03-2005,Guemes SdE,,,,,,,,,,,,,,,,,,,,,
J1900,Axel Pinto,MED,18-09-2000,Guemes SdE,,,,,,,,,,,,,,,,,,,,,
J1901,Nestor Arevalos,MED,31-05-2000,Guemes SdE,,,,,,,,,,,,,,,,,,,,,
J1902,Marcelo Benitez,DEF,13-01-1991,Guemes SdE,,,,,,,,,,,,,,,,,,,,,
J1903,Oscar Vanegas,DEF,07-05-1996,Guemes SdE,,,,,,,,,,,,,,,,,,,,,
J1904,Tomas Oneto,DEF,19-02-1998,Guemes SdE,,,,,,,,,,,,,,,,,,,,,
J1905,Facundo Rizzi,DEF,28-08-1997,Guemes SdE,,,,,,,,,,,,,,,,,,,,,
J1906,Axel Bordon,DEF,28-03-1996,Guemes SdE,,,,,,,,,,,,,,,,,,,,,
J1907,Walter Juarez,DEF,16-12-1998,Guemes SdE,,,,,,,,,,,,,,,,,,,,,
J1908,Facundo Melillan,DEF,23-04-1997,Guemes SdE,,,,,,,,,,,,,,,,,,,,,
J1909,Matias Martinez,DEF,29-10-2000,Guemes SdE,,,,,,,,,,,,,,,,,,,,,
J1910,Rodrigo Arnay,DEF,04-07-2005,Guemes SdE,,,,,,,,,,,,,,,,,,,,,
J1911,Alan Gonzalez,DEF,25-02-2004,Guemes SdE,,,,,,,,,,,,,,,,,,,,,
J1912,Leandro Finochietto,ARQ,25-04-1997,Guemes SdE,,,,,,,,,,,,,,,,,,,,,
J1913,Tomas Palleres,ARQ,04-11-1999,Guemes SdE,,,,,,,,,,,,,,,,,,,,,
J1914,Alan Gonzalez,ARQ,20-07-1996,Guemes SdE,,,,,,,,,,,,,,,,,,,,,
J1915,Facundo Castro,DEL,28-02-1996,Nueva Chicago,,,,,,,,,,,,,,,,,,,,,
J1916,Sebastian Cocimano,DEL,19-05-2000,Nueva Chicago,,,,,,,,,,,,,,,,,,,,,
J1917,Mauro Perez,DEL,17-02-2003,Nueva Chicago,,,,,,,,,,,,,,,,,,,,,
J1918,Alan Ruiz,MED,19-08-1993,Nueva Chicago,,,,,,,,,,,,,,,,,,,,,
J1919,Gabriel Vega,MED,18-04-2002,Nueva Chicago,,,,,,,,,,,,,,,,,,,,,
J1920,Thiago Ocampo,DEL,07-09-2008,Nueva Chicago,,,,,,,,,,,,,,,,,,,,,
J1921,Evelio Cardozo,DEL,06-02-2001,Nueva Chicago,,,,,,,,,,,,,,,,,,,,,
J1922,Matias Bergara,DEL,14-01-2004,Nueva Chicago,,,,,,,,,,,,,,,,,,,,,
J1923,Lucas Ambrogio,DEL,04-07-1999,Nueva Chicago,,,,,,,,,,,,,,,,,,,,,
J1924,Emiliano Mendez,MED,15-02-1989,Nueva Chicago,,,,,,,,,,,,,,,,,,,,,
J1925,Lucas Vazquez,MED,15-01-2004,Nueva Chicago,,,,,,,,,,,,,,,,,,,,,
J1926,Tomas Rodriguez,MED,21-02-2002,Nueva Chicago,,,,,,,,,,,,,,,,,,,,,
J1927,Diego Barros,MED,28-11-2005,Nueva Chicago,,,,,,,,,,,,,,,,,,,,,
J1928,Alejo Gonzalez,MED,19-05-2007,Nueva Chicago,,,,,,,,,,,,,,,,,,,,,
J1929,Maximiliano Rogoski,MED,17-06-1994,Nueva Chicago,,,,,,,,,,,,,,,,,,,,,
J1930,Ramiro Balbuena,DEL,28-02-2000,Nueva Chicago,,,,,,,,,,,,,,,,,,,,,
J1931,Rodrigo Ramirez,MED,02-01-2000,Nueva Chicago,,,,,,,,,,,,,,,,,,,,,
J1932,Javier Pereyra,MED,02-05-2001,Nueva Chicago,,,,,,,,,,,,,,,,,,,,,
J1933,Christopher Ocampo,MED,25-01-2007,Nueva Chicago,,,,,,,,,,,,,,,,,,,,,
J1934,Nazareno Petrecca,MED,24-04-2006,Nueva Chicago,,,,,,,,,,,,,,,,,,,,,
J1935,Julian Sardinas,MED,03-06-2006,Nueva Chicago,,,,,,,,,,,,,,,,,,,,,
J1936,Lucas Lopez,MED,28-04-1998,Nueva Chicago,,,,,,,,,,,,,,,,,,,,,
J1937,German Mansilla,MED,24-03-1998,Nueva Chicago,,,,,,,,,,,,,,,,,,,,,
J1938,Tomas Orqueida,MED,23-08-2003,Nueva Chicago,,,,,,,,,,,,,,,,,,,,,
J1939,Dylan Gissi,DEF,27-04-1991,Nueva Chicago,,,,,,,,,,,,,,,,,,,,,
J1940,Elias Machuca,DEF,28-03-2003,Nueva Chicago,,,,,,,,,,,,,,,,,,,,,
J1941,Gonzalo Paz,DEF,06-06-1993,Nueva Chicago,,,,,,,,,,,,,,,,,,,,,
J1942,Bruno Palazzo,DEF,18-11-2000,Nueva Chicago,,,,,,,,,,,,,,,,,,,,,
J1943,Diego Arroyo,DEF,07-02-2003,Nueva Chicago,,,,,,,,,,,,,,,,,,,,,
J1944,Roman Zalazar,DEF,03-01-2005,Nueva Chicago,,,,,,,,,,,,,,,,,,,,,
J1945,Matias Vera,DEF,20-11-1997,Nueva Chicago,,,,,,,,,,,,,,,,,,,,,
J1946,Guillermo Ferracutti,DEF,11-02-1991,Nueva Chicago,,,,,,,,,,,,,,,,,,,,,
J1947,Ivan Antunes,DEF,23-04-1998,Nueva Chicago,,,,,,,,,,,,,,,,,,,,,
J1948,Geronimo Velozo,DEF,07-07-2003,Nueva Chicago,,,,,,,,,,,,,,,,,,,,,
J1949,Ian Silveira,DEF,21-02-2006,Nueva Chicago,,,,,,,,,,,,,,,,,,,,,
J1950,Luciano Jachfe,ARQ,18-07-2001,Nueva Chicago,,,,,,,,,,,,,,,,,,,,,
J1951,Facundo Masuero,ARQ,23-05-2000,Nueva Chicago,,,,,,,,,,,,,,,,,,,,,
J1952,Lucas Bersce,ARQ,06-07-2005,Nueva Chicago,,,,,,,,,,,,,,,,,,,,,
J1953,Diego Armando Diaz,DEL,10-01-2002,Patronato,,,,,,,,,,,,,,,,,,,,,
J1954,Franco Soldano,DEL,14-09-1994,Patronato,,,,,,,,,,,,,,,,,,,,,
J1955,Hernan Rivero,DEL,12-09-1992,Patronato,,,,,,,,,,,,,,,,,,,,,
J1956,Tomas Attis,DEL,02-10-1999,Patronato,,,,,,,,,,,,,,,,,,,,,
J1957,Renzo Reynaga,DEL,02-06-1999,Patronato,,,,,,,,,,,,,,,,,,,,,
J1958,Joaquin Barolin,DEL,19-05-2003,Patronato,,,,,,,,,,,,,,,,,,,,,
J1959,Ramon Villarreal,DEL,23-11-2004,Patronato,,,,,,,,,,,,,,,,,,,,,
J1960,Alvaro Schrooh,DEL,29-12-2004,Patronato,,,,,,,,,,,,,,,,,,,,,
J1961,Brandon Cortes,DEL,26-06-2001,Patronato,,,,,,,,,,,,,,,,,,,,,
J1962,Federico Bravo,MED,05-10-1993,Patronato,,,,,,,,,,,,,,,,,,,,,
J1963,Juan Pablo Barinaga,MED,13-06-2000,Patronato,,,,,,,,,,,,,,,,,,,,,
J1964,Valentin Pereyra,MED,18-04-2002,Patronato,,,,,,,,,,,,,,,,,,,,,
J1965,Alejo Miro,MED,18-02-2005,Patronato,,,,,,,,,,,,,,,,,,,,,
J1966,Juan Salas,MED,07-04-1999,Patronato,,,,,,,,,,,,,,,,,,,,,
J1967,Gonzalo Salega,MED,02-07-1999,Patronato,,,,,,,,,,,,,,,,,,,,,
J1968,Augusto Picco,MED,27-08-2003,Patronato,,,,,,,,,,,,,,,,,,,,,
J1969,Luciano Pacco,MED,14-10-2003,Patronato,,,,,,,,,,,,,,,,,,,,,
J1970,Benjamin Bravo,MED,01-06-2003,Patronato,,,,,,,,,,,,,,,,,,,,,
J1971,Luciano Strey,MED,23-08-2008,Patronato,,,,,,,,,,,,,,,,,,,,,
J1972,Nahuel Genez,DEF,18-06-2003,Patronato,,,,,,,,,,,,,,,,,,,,,
J1973,Gabriel Diaz,DEF,25-05-2003,Patronato,,,,,,,,,,,,,,,,,,,,,
J1974,Walter Rueda,DEF,02-12-1997,Patronato,,,,,,,,,,,,,,,,,,,,,
J1975,Facundo Heredia,DEF,06-04-1999,Patronato,,,,,,,,,,,,,,,,,,,,,
J1976,Santiago Piccioni,DEF,31-12-1999,Patronato,,,,,,,,,,,,,,,,,,,,,
J1977,Facundo Diaz,DEF,15-06-2001,Patronato,,,,,,,,,,,,,,,,,,,,,
J1978,Fernando Evangelista,DEF,21-10-1991,Patronato,,,,,,,,,,,,,,,,,,,,,
J1979,Franco Meritello,DEF,12-03-1996,Patronato,,,,,,,,,,,,,,,,,,,,,
J1980,Fernando Moreyra,DEF,30-11-1990,Patronato,,,,,,,,,,,,,,,,,,,,,
J1981,Francisco Lencinas ,DEF,27-10-2008,Patronato,,,,,,,,,,,,,,,,,,,,,
J1982,Alan Sosa,ARQ,27-04-1996,Patronato,,,,,,,,,,,,,,,,,,,,,
J1983,Franco Rivasseau,ARQ,10-07-1998,Patronato,,,,,,,,,,,,,,,,,,,,,
J1984,Roman Peralta,ARQ,01-06-2004,Patronato,,,,,,,,,,,,,,,,,,,,,
,,,,,,,,,,,,,,,,,,,,,,,,,
,,,,,,,,,,,,,,,,,,,,,,,,,
,,,,,,,,,,,,,,,,,,,,,,,,,
,,,,,,,,,,,,,,,,,,,,,,,,,
,,,,,,,,,,,,,,,,,,,,,,,,,
,,,,,,,,,,,,,,,,,,,,,,,,,
,,,,,,,,,,,,,,,,,,,,,,,,,
,,,,,,,,,,,,,,,,,,,,,,,,,
,,,,,,,,,,,,,,,,,,,,,,,,,
,,,,,,,,,,,,,,,,,,,,,,,,,
,,,,,,,,,,,,,,,,,,,,,,,,,
,,,,,,,,,,,,,,,,,,,,,,,,,
,,,,,,,,,,,,,,,,,,,,,,,,,
,,>,,,,,,,,,,,,,,,,,,,,,,,